:020000040800F2
:1000000000C00020359900084D850008558500087E
:100010005D850008658500086D850008000000000A
:1000200000000000000000000000000075850008CE
:1000300081850008000000008D8500089985000872
:100040007D9900087D9900087D9900087D99000838
:100050007D9900087D9900087D9900087D99000828
:100060007D9900087D9900087D9900087D99000818
:100070007D9900087D9900087D9900087D99000808
:100080007D9900087D9900087D9900087D990008F8
:100090007D9900087D9900087D9900087D990008E8
:1000A0007D9900087D9900087D9900087D990008D8
:1000B0007D9900087D9900087D9900087D990008C8
:1000C0007D9900087D9900087D9900087D990008B8
:1000D0007D9900087D990008A58500087D99000894
:1000E0007D9900087D9900087D9900087D99000898
:1000F0007D9900087D9900087D9900087D99000888
:100100007D9900087D9900087D9900087D99000877
:100110007D9900087D9900087D9900087D99000867
:100120007D9900087D9900087D9900087D99000857
:1001300000000000000000000000000000000000BF
:1001400000000000000000000000000000000000AF
:10015000000000000000000000000000000000009F
:10016000000000000000000000000000000000008F
:10017000000000000000000000000000000000007F
:10018000000000000000000000000000000000006F
:10019000000000000000000000000000000000005F
:1001A000000000000000000000000000000000004F
:1001B000000000000000000000000000000000003F
:1001C000000000000000000000000000000000002F
:1001D000000000000000000000000000000000001F
:0401E0005FF8E0F1F3
:1001E80010B5054C237833B9044B13B10448AFF369
:1001F80000800123237010BD1402002000000000BD
:1002080018F0000808B5034B1BB103490348AFF3C6
:10021800008008BD000000001802002018F0000847
:1002280010F8012B11F8013B012A28BF9A42F7D098
:10023800D01A7047034613F8012B002AFBD1181A6D
:100248000138704781F0004102E000BF83F00043AD
:1002580030B54FEA41044FEA430594EA050F08BF59
:1002680090EA020F1FBF54EA000C55EA020C7FEA1D
:10027800645C7FEA655C00F0E2804FEA5454D4EB9A
:100288005555B8BF6D420CDD2C4480EA020281EA64
:10029800030382EA000083EA010180EA020281EA9C
:1002A8000303362D88BF30BD11F0004F4FEA0131EE
:1002B8004FF4801C4CEA113102D0404261EB4101FD
:1002C80013F0004F4FEA03334CEA133302D0524283
:1002D80063EB430394EA050F00F0A780A4F101043F
:1002E800D5F1200E0DDB02FA0EFC22FA05F2801879
:1002F80041F1000103FA0EF2801843FA05F359415F
:100308000EE0A5F120050EF1200E012A03FA0EFCDD
:1003180028BF4CF0020C43FA05F3C01851EBE37107
:1003280001F0004507D54FF0000EDCF1000C7EEB24
:1003380000006EEB0101B1F5801F1BD3B1F5001F62
:100348000CD349085FEA30004FEA3C0C04F1010481
:100358004FEA445212F5800F80F09A80BCF1004FAA
:1003680008BF5FEA500C50F1000041EB045141EA2C
:10037800050130BD5FEA4C0C404141EB0101013CF5
:1003880028BFB1F5801FE9D291F0000F04BF0146E4
:100398000020B1FA81F308BF2033A3F10B03B3F1B6
:1003A80020020CDA0C3208DD02F1140CC2F10C0246
:1003B80001FA0CF021FA02F10CE002F11402D8BFA4
:1003C800C2F1200C01FA02F120FA0CFCDCBF41EA70
:1003D8000C019040E41AA2BF01EB0451294330BD3F
:1003E8006FEA04041F3C1CDA0C340EDC04F114041C
:1003F800C4F1200220FA04F001FA02F340EA0300F3
:1004080021FA04F345EA030130BDC4F10C04C4F138
:10041800200220FA02F001FA04F340EA0300294618
:1004280030BD21FA04F0294630BD94F0000F83F462
:10043800801306BF81F480110134013D4EE77FEA45
:10044800645C18BF7FEA655C29D094EA050F08BF91
:1004580090EA020F05D054EA000C04BF1946104672
:1004680030BD91EA030F1EBF0021002030BD5FEAB6
:10047800545C05D14000494128BF41F0004130BDDE
:1004880014F580043CBF01F5801130BD01F0004532
:1004980045F0FE4141F470014FF0000030BD7FEAA5
:1004A800645C1ABF194610467FEA655C1CBF0B46A0
:1004B800024650EA013406BF52EA033591EA030FB7
:1004C80041F4002130BD00BF90F0000F04BF0021AF
:1004D800704730B54FF4806404F132044FF00005E2
:1004E8004FF0000150E700BF90F0000F04BF00215B
:1004F800704730B54FF4806404F1320410F00045C1
:1005080048BF40424FF000013EE700BF42004FEABB
:10051800E2014FEA31014FEA02701FBF12F07F4338
:1005280093F07F4F81F06051704732F07F4208BFEF
:10053800704793F07F4F04BF41F40021704730B5F6
:100548004FF4607401F0004521F000411CE700BF42
:1005580050EA010208BF704730B54FF000050AE0C5
:1005680050EA010208BF704730B511F0004502D5C6
:10057800404261EB41014FF4806404F132045FEAC8
:10058800915C3FF4D8AE4FF003025FEADC0C18BF71
:1005980003325FEADC0C18BF033202EBDC02C2F163
:1005A800200300FA03FC20FA02F001FA03FE40EAF5
:1005B8000E0021FA02F11444BDE600BF70B54FF0F9
:1005C800FF0C4CF4E06C1CEA11541DBF1CEA1355D7
:1005D80094EA0C0F95EA0C0F00F0DEF82C4481EA3F
:1005E800030621EA4C5123EA4C5350EA013518BF5F
:1005F80052EA033541F4801143F4801338D0A0FB4C
:1006080002CE4FF00005E1FB02E506F00042E0FBF8
:1006180003E54FF00006E1FB03569CF0000F18BFFE
:100628004EF0010EA4F1FF04B6F5007F64F54074A6
:1006380004D25FEA4E0E6D4146EB060642EAC62139
:1006480041EA55514FEAC52040EA5E504FEACE2EA6
:10065800B4F1FD0C88BFBCF5E06F1ED8BEF1004FA9
:1006680008BF5FEA500E50F1000041EB045170BD25
:1006780006F0004646EA010140EA020081EA030169
:10068800B4EB5C04C2BFD4EB0C0541EA045170BD65
:1006980041F480114FF0000E013C00F3AB8014F1DF
:1006A800360FDEBF002001F0004170BDC4F1000428
:1006B800203C35DA0C341BDC04F11404C4F12005A9
:1006C80000FA05F320FA04F001FA05F240EA020004
:1006D80001F0004221F0004110EBD37021FA04F63A
:1006E80042EB06015EEA430E08BF20EAD37070BDF4
:1006F800C4F10C04C4F1200500FA04F320FA05F053
:1007080001FA04F240EA020001F0004110EBD37054
:1007180041F100015EEA430E08BF20EAD37070BDC4
:10072800C4F1200500FA05F24EEA020E20FA04F39D
:1007380001FA05F243EA020321FA04F001F000414C
:1007480021FA04F220EA020000EBD3705EEA430EBD
:1007580008BF20EAD37070BD94F0000F0FD101F0EC
:100768000046400041EB010111F4801F08BF013C25
:10077800F7D041EA060195F0000F18BF704703F063
:100788000046520043EB030313F4801F08BF013DEA
:10079800F7D043EA0603704794EA0C0F0CEA1355A6
:1007A80018BF95EA0C0F0CD050EA410618BF52EA60
:1007B8004306D1D181EA030101F000414FF0000066
:1007C80070BD50EA410606BF1046194652EA430674
:1007D80019D094EA0C0F02D150EA013613D195EAE8
:1007E8000C0F05D152EA03361CBF104619460AD130
:1007F80081EA030101F0004141F0FE4141F470013A
:100808004FF0000070BD41F0FE4141F4780170BD29
:1008180070B54FF0FF0C4CF4E06C1CEA11541DBF8E
:100828001CEA135594EA0C0F95EA0C0F00F0A7F890
:10083800A4EB050481EA030E52EA03354FEA0131BD
:1008480000F088804FEA03334FF0805545EA1313D0
:1008580043EA12634FEA022245EA111545EA106598
:100868004FEA00260EF000419D4208BF964244F12F
:10087800FD0404F5407402D25B084FEA3202B61A4E
:1008880065EB03055B084FEA32024FF480104FF422
:10089800002CB6EB020E75EB030E22BFB61A754696
:1008A80040EA0C005B084FEA3202B6EB020E75EB29
:1008B800030E22BFB61A754640EA5C005B084FEA91
:1008C8003202B6EB020E75EB030E22BFB61A75465E
:1008D80040EA9C005B084FEA3202B6EB020E75EB69
:1008E800030E22BFB61A754640EADC0055EA060E2A
:1008F80018D04FEA051545EA16754FEA06164FEA6D
:10090800C30343EA52734FEAC2025FEA1C1CC0D118
:1009180011F4801F0BD141EA00014FF000004FF0A5
:10092800004CB6E711F4801F04BF01430020B4F166
:10093800FD0C88BFBCF5E06F3FF6AFAEB5EB030C1E
:1009480004BFB6EB020C5FEA500C50F1000041EB1B
:10095800045170BD0EF0004E4EEA113114EB5C04E8
:10096800C2BFD4EB0C0541EA045170BD41F48011BB
:100978004FF0000E013C90E645EA060E8DE60CEAC3
:10098800135594EA0C0F08BF95EA0C0F3FF43BAFE0
:1009980094EA0C0F0AD150EA01347FF434AF95EA97
:1009A8000C0F7FF425AF104619462CE795EA0C0F7B
:1009B80006D152EA03353FF4FDAE1046194622E748
:1009C80050EA410618BF52EA43067FF4C5AE50EA22
:1009D80041047FF40DAF52EA43057FF4EBAE12E712
:1009E8004FF0FF3C06E000BF4FF0010C02E000BFF3
:1009F8004FF0010C4DF804CD4FEA410C7FEA6C5CD6
:100A08004FEA430C18BF7FEA6C5C1BD001B050EA78
:100A1800410C0CBF52EA430C91EA030F02BF90EA63
:100A2800020F0020704710F1000F91EA030F58BF22
:100A3800994208BF90422CBFD8176FEAE37040F084
:100A4800010070474FEA410C7FEA6C5C02D150EA22
:100A5800013C07D14FEA430C7FEA6C5CD6D152EADD
:100A6800033CD3D05DF8040B704700BF84461046A2
:100A780062468C461946634600E000BF01B5FFF7A1
:100A8800B7FF002848BF10F1000F01BD4DF808ED71
:100A9800FFF7F4FF0CBF012000205DF808FB00BF42
:100AA8004DF808EDFFF7EAFF34BF012000205DF89C
:100AB80008FB00BF4DF808EDFFF7E0FF94BF0120E9
:100AC80000205DF808FB00BF4DF808EDFFF7CEFFEA
:100AD80094BF012000205DF808FB00BF4DF808ED29
:100AE800FFF7C4FF34BF012000205DF808FB00BFFA
:100AF8004FEA410C7FEA6C5C02D150EA013C0AD112
:100B08004FEA430C7FEA6C5C02D152EA033C02D103
:100B18004FF0000070474FF0010070474A0011D2B3
:100B280012F5001211D20DD56FF47873B3EB62523F
:100B38000ED44FEAC12343F0004343EA505323FA4B
:100B480002F070474FF00000704750EA013002D1C0
:100B58004FF0FF3070474FF0000070474FEA4102F6
:100B6800B2F1E04324BFB3F5001CDCF1FE5C0DD903
:100B780001F0004C4FEAC0024CEA5070B2F1004F4D
:100B880040EB830008BF20F00100704711F0804F50
:100B980021D113F13872BCBF01F00040704741F415
:100BA80080114FEA5252C2F11802C2F1200C10FA19
:100BB8000CF320FA02F018BF40F001004FEAC123FD
:100BC8004FEAD32303FA0CFC40EA0C0023FA02F3A1
:100BD8004FEA4303CCE77FEA625307D150EA013377
:100BE8001EBF4FF0FE4040F44000704701F0004047
:100BF80040F0FE4040F40000704700BF80F0004025
:100C080002E000BF81F0004142001FBF5FEA4103DC
:100C180092EA030F7FEA226C7FEA236C6AD04FEADC
:100C28001262D2EB1363C1BFD21841404840414021
:100C3800B8BF5B42192B88BF704710F0004F40F4D3
:100C4800000020F07F4018BF404211F0004F41F4EF
:100C5800000121F07F4118BF494292EA030F3FD0BB
:100C6800A2F1010241FA03FC10EB0C00C3F12003CE
:100C780001FA03F100F0004302D5494260EB40005D
:100C8800B0F5000F13D3B0F1807F06D340084FEAC8
:100C9800310102F10102FE2A51D2B1F1004F40EBBD
:100CA800C25008BF20F0010040EA03007047490025
:100CB80040EB0000013A28BFB0F5000FEDD2B0FAC2
:100CC80080FCACF1080CB2EB0C0200FA0CF0AABFE5
:100CD80000EBC25052421843BCBFD0401843704783
:100CE80092F0000F81F4000106BF80F40000013289
:100CF800013BB5E74FEA41037FEA226C18BF7FEA60
:100D0800236C21D092EA030F04D092F0000F08BFA1
:100D18000846704790EA010F1CBF0020704712F088
:100D28007F4F04D1400028BF40F00040704712F1C7
:100D380000723CBF00F50000704700F0004343F02C
:100D4800FE4040F4000070477FEA226216BF084662
:100D58007FEA23630146420206BF5FEA412390EA25
:100D6800010F40F4800070474FF0000304E000BF1B
:100D780010F0004348BF40425FEA000C08BF7047CC
:100D880043F0964301464FF000001CE050EA010290
:100D980008BF70474FF000030AE000BF50EA0102A5
:100DA80008BF704711F0004302D5404261EB410192
:100DB8005FEA010C02BF84460146002043F0B643B7
:100DC80008BFA3F18053A3F50003BCFA8CF2083ADC
:100DD800A3EBC25310DB01FA02FC634400FA02FCE5
:100DE800C2F12002BCF1004F20FA02F243EB0200EC
:100DF80008BF20F00100704702F1200201FA02FC4E
:100E0800C2F1200250EA4C0021FA02F243EB020040
:100E180008BF20EADC7070474FF0FF0C1CEAD05284
:100E28001EBF1CEAD15392EA0C0F93EA0C0F6FD045
:100E38001A4480EA010C400218BF5FEA41211ED023
:100E48004FF0006343EA501043EA5111A0FB01310F
:100E58000CF00040B1F5000F3EBF490041EAD371E4
:100E68005B0040EA010062F17F02FD2A1DD8B3F160
:100E7800004F40EBC25008BF20F00100704790F0CF
:100E8800000F0CF0004C08BF49024CEA502040EA21
:100E980051207F3AC2BFD2F1FF0340EAC2507047E7
:100EA80040F400004FF00003013A5DDC12F1190F25
:100EB800DCBF00F000407047C2F10002410021FA97
:100EC80002F1C2F1200200FA02FC5FEA310040F1AF
:100ED800000053EA4C0308BF20EADC70704792F028
:100EE800000F00F0004C02BF400010F4000F013A60
:100EF800F9D040EA0C0093F0000F01F0004C02BF5B
:100F0800490011F4000F013BF9D041EA0C018FE7C9
:100F18000CEAD15392EA0C0F18BF93EA0C0F0AD0CF
:100F280030F0004C18BF31F0004CD8D180EA0100F5
:100F380000F00040704790F0000F17BF90F0004F8E
:100F4800084691F0000F91F0004F14D092EA0C0F70
:100F580001D142020FD193EA0C0F03D14B0218BF03
:100F6800084608D180EA010000F0004040F0FE4049
:100F780040F40000704740F0FE4040F440007047E5
:100F88004FF0FF0C1CEAD0521EBF1CEAD15392EA64
:100F98000C0F93EA0C0F69D0A2EB030280EA010C54
:100FA80049024FEA402037D04FF0805343EA1111ED
:100FB80043EA10130CF000408B4238BF5B0042F14B
:100FC8007D024FF4000C8B4224BF5B1A40EA0C00F0
:100FD800B3EB510F24BFA3EB510340EA5C00B3EB22
:100FE800910F24BFA3EB910340EA9C00B3EBD10F10
:100FF80024BFA3EBD10340EADC001B0118BF5FEA62
:101008001C1CE0D1FD2A3FF650AF8B4240EBC2508A
:1010180008BF20F0010070470CF0004C4CEA50204B
:101028007F32C2BFD2F1FF0340EAC250704740F49A
:1010380000004FF00003013A37E792F0000F00F08C
:10104800004C02BF400010F4000F013AF9D040EA0A
:101058000C0093F0000F01F0004C02BF490011F49E
:10106800000F013BF9D041EA0C0195E70CEAD15396
:1010780092EA0C0F08D142027FF47DAF93EA0C0F7D
:101088007FF470AF084676E793EA0C0F04D14B0261
:101098003FF44CAF08466EE730F0004C18BF31F013
:1010A800004CCAD130F000427FF45CAF31F000430D
:1010B8007FF43CAF5FE700BF4FF0FF3C06E000BFA6
:1010C8004FF0010C02E000BF4FF0010C4DF804CDC9
:1010D8004FEA40024FEA41037FEA226C18BF7FEAD9
:1010E800236C11D001B052EA530C18BF90EA010FDB
:1010F80058BFB2EB030088BFC81738BF6FEAE1706A
:1011080018BF40F0010070477FEA226C02D15FEA05
:10111800402C05D17FEA236CE4D15FEA412CE1D071
:101128005DF8040B704700BF844608466146FFE738
:101138000FB5FFF7C9FF002848BF10F1000F0FBD1A
:101148004DF808EDFFF7F4FF0CBF012000205DF813
:1011580008FB00BF4DF808EDFFF7EAFF34BF012098
:1011680000205DF808FB00BF4DF808EDFFF7E0FF31
:1011780094BF012000205DF808FB00BF4DF808ED82
:10118800FFF7D2FF94BF012000205DF808FB00BFE5
:101198004DF808EDFFF7C8FF34BF012000205DF8C7
:1011A80008FB00BF4FEA40024FEA41037FEA226C86
:1011B80002D15FEA402C08D17FEA236C02D15FEAB2
:1011C800412C02D14FF0000070474FF001007047EA
:1011D8004FEA4002B2F1FE4F0FD34FF09E03B3EB3C
:1011E80012620DD94FEA002343F0004310F0004F7C
:1011F80023FA02F018BF404270474FF000007047D2
:1012080012F1610F01D1420205D110F0004008BF70
:101218006FF0004070474FF00000704742000ED258
:10122800B2F1FE4F0BD34FF09E03B3EB126209D419
:101238004FEA002343F0004323FA02F070474FF0CF
:101248000000704712F1610F01D1420202D14FF044
:10125800FF3070474FF00000704700BF38B50022DC
:10126800002304460D46FFF71BFC28B920462946F3
:10127800BDE8384000F00AB8204605F1004100F00A
:1012880005F8404261EB410138BD00BFD0B50022EE
:101298000B4B06460F46FFF791F9FFF73FFC044654
:1012A800FFF712F90022074BFFF788F902460B46B1
:1012B80030463946FEF7CAFFFFF730FC2146D0BD5D
:1012C8000000F03D0000F04180B500AF05F00EFCD5
:1012D80000BF80BD80B584B000AF0346FB8000230B
:1012E800FB7305F033FCFB881B0A9BB2DBB25B0087
:1012F800DBB2603BDBB2184605F004FD05F076FC76
:10130800FB88DBB2184605F0FDFC05F06FFC05F024
:101318001DFCA12005F0F6FC05F068FC002005F096
:1013280031FD0346FB7305F039FCFB7B184610378B
:10133800BD4680BD80B582B000AF03460A46FB803B
:1013480013467B7105F002FCFB881B0A9BB2DBB2DB
:101358005B00DBB2603BDBB2184605F0D3FC05F05E
:1013680045FCFB88DBB2184605F0CCFC05F03EFCDA
:101378007B79184605F0C6FC05F038FC05F00EFC34
:101388000A2000F021FA00BF0837BD4680BD90B59D
:1013980083B000AF03463960FB801346BB800DE085
:1013A800FB885A1CFA803C68621C3A601846FFF7B2
:1013B80091FF03462370BB88013BBB80BB88002B91
:1013C800EED100BF00BF0C37BD4690BD80B582B0DE
:1013D80000AF03463960FB801346BB800CE03B68D6
:1013E8001A78FB8811461846FFF7A4FFFB880133DB
:1013F800FB803B6801333B60BB885A1EBA80002BD8
:10140800EDD100BF00BF0837BD4680BD80B500AF35
:10141800052000F09BF900BF80BD000080B586B0B4
:1014280000AF124B9B69114A43F0100393610F4BB5
:101438009B6903F010037B607B680923BB60012371
:10144800FB6001233B6103237B6107F10803194615
:10145800074808F085FD074B01221A60064B012258
:101468001A6000BF1837BD4680BD00BF001002409B
:1014780000100140800122428C01224280B500AF59
:101488000F4B1B680E4A23F4704313600C4B1B6808
:101498000B4A43F4405313600A4B01221A600A4B6B
:1014A80001221A601E2000F051F9064B00221A6032
:1014B800FFF7ACFF044B00221A6000BF80BD00BFDD
:1014C800001001408C0122428001224280B500AF09
:1014D8000D4B1B680C4A23F4704313600A4B1B68BE
:1014E800094A43F440531360084B01221A601E2036
:1014F80000F02CF9064B00221A60FFF787FF044B17
:1015080001221A6000BF80BD001001408001224204
:101518008C01224280B582B000AF0023FB71164BCC
:101528001B68154A23F470431360134B1B68124A57
:1015380043F400431360114B01221A60104B01223F
:101548001A60FFF763FF0BE0FB790133FB71FB794E
:10155800FA2B03D9FFF7BAFF012309E0FFF756FF7B
:10156800084B1B68002BEFD1054B00221A600023A3
:1015780018460837BD4680BD001001408C01224244
:10158800800122420C01224280B500AF0F4B00229D
:101598001A600F4B1B680E4A23F4704313600C4B00
:1015A8001B680B4A43F440531360FFF72FFF094BA6
:1015B80000221A60FFF72AFF044B01221A60FFF786
:1015C80025FF024B00221A6000BF80BD8001224225
:1015D800001001408C01224280B500AF0F4B002261
:1015E8001A600F4B1B680E4A23F4704313600C4BB0
:1015F8001B680B4A43F440531360FFF707FF094B7E
:1016080001221A60FFF702FF044B01221A60FFF75C
:10161800FDFE024B00221A6000BF80BD80012242FD
:10162800001001408C01224280B584B000AF03460F
:10163800FB71184B1B68174A23F470431360154B52
:101648001B68144A43F440531360134B00221A607A
:10165800FFF7DCFE0023FB7314E0FB79DB09DAB249
:101668000E4B1A60FB795B00FB710B4B01221A6071
:10167800FFF7CCFE084B00221A60FFF7C7FEFB7B82
:101688000133FB73FB7B072BE7D900BF00BF103783
:10169800BD4680BD00100140800122428C012242DB
:1016A80080B584B000AF0346FB710023BB731B4BAE
:1016B8001B681A4A23F470431360184B1B68174AB7
:1016C80043F4004313601E2000F040F80023FB732E
:1016D80014E0134B00221A60FFF798FE104B01220A
:1016E8001A60BB7B5B00BB730E4B1B68002B02D0E0
:1016F800BB7B0133BB73FB7B0133FB73FB7B072B8A
:10170800E7D9FB79002B02D1FFF766FF01E0FFF76D
:101718003BFFBB7B18461037BD4680BD001001401B
:10172800800122420C01224280B582B000AF0346FC
:10173800FB71042008F0B4FAFB79034A136000BF78
:101748000837BD4680BD00BF3002002080B489B094
:1017580000AF78600023BB61194B5B687B61194B54
:101768001A687B6802FB03F33B61154B9B68FB61BE
:10177800134B9B68FB60FA68FB699A42F8D0FA68D9
:10178800FB699A4206D2FA69FB68D31ABA6913440C
:10179800BB6107E07A69FB68D21AFB691344BA692E
:1017A8001344BB61FB68FB61BA693B699A4200D28A
:1017B800DEE700BF00BF2437BD4680BC704700BFCE
:1017C80010E000E03002002080B584B000AF03468E
:1017D800FB800023FB6006E04FF47A70FFF7B6FF4A
:1017E800FB680133FB60FB88FA689A42F4D300BFB8
:1017F80000BF1037BD4680BD80B584B000AF03463A
:101808003960FB8013467B710023BB73FFF736FEFC
:101818007020FFF709FFFFF77DFEFB88DBB2184653
:10182800FFF702FFFFF776FE0023FB7310E0FB7B58
:101838003A6813441B781846FFF7F6FEFFF76AFE6E
:101848000346BB73BB7B002B07D1FB7B0133FB73C8
:10185800FA7B7B799A42EAD300E000BFFFF736FEB5
:10186800BB7B18461037BD4680BD90B585B000AF2C
:1018780003463960FB8013467B71FFF7FFFD70203C
:10188800FFF7D2FEFFF746FEFB88DBB21846FFF7EC
:10189800CBFEFFF73FFEFFF7F1FD7120FFF7C4FE17
:1018A800FFF738FE0023FB7313E0FA7B7B79013BDB
:1018B8009A4214BF01230023DBB21946FB7B3A6826
:1018C800D4180846FFF7ECFE03462370FB7B013370
:1018D800FB73FA7B7B799A42E7D3FFF7F7FD00BFEA
:1018E8001437BD4690BD000080B586B000AF374BB9
:1018F8009B69364A43F010039361344B9B6903F0AC
:1019080010033B603B684FF400537B600123BB60CE
:101918000123FB6003233B613B1D19462C4808F05B
:101928001FFB02237B600023BB603B1D1946284830
:1019380008F016FBFFF772FD264B00221A601420F0
:10194800FFF742FF234B01221A603220FFF73CFFCA
:1019580000233B7507F11403012219460020FFF705
:101968004BFF07F1140301221946A420FFF744FF97
:1019780016233B7507F11403012219468020FFF74F
:101988003BFF0C233B7507F11403012219468820FD
:10199800FFF732FF07F1140302221946A120FFF7CF
:1019A80064FF3B7D302B0CD17B7D032B09D13B7D24
:1019B8001B027A7D1344194607480AF0BFFE00232C
:1019C80000E0012318461837BD4680BD00100240CC
:1019D80000100140B401224230F0000880B584B004
:1019E80000AF0346FB710023FB730023BB73824BDC
:1019F8001B780133DAB2804B1A707F4B1A787F4B11
:101A0800A3FB0213D9080B469B000B445B00D31AB7
:101A1800DBB2002B04D0784B1B78092B00F2BA807C
:101A2800FB1D012219460220FFF71FFFFB7903F077
:101A38000F03002B00F0AE80FB7903F00F03052B9A
:101A480000F3A880FB7903F00F03FF2202FA03F3E7
:101A58007B7397F90D30DB435BB263F03F035BB2F6
:101A6800DAB2674B83F820200023FB737FE0644BD6
:101A780093F820301A46FB7B42FA03F303F0010384
:101A8800002B71D0FB7B5F4A32F8133007F1080155
:101A980004221846FFF7E9FE594B93F8303003F05B
:101AA8000103002B22D03B7A1B029BB203F4706324
:101AB8009AB27B7A1946FB7B0A4491B2504A0833A2
:101AC8005B0013440A46DA80BB7A1B029BB203F41C
:101AD80070639AB2FB7A1946FB7B0A4491B2484A72
:101AE80004335B0013440A469A8023E03B7A1B02C6
:101AF8009BB203F470639BB27A7A13449AB2FB7B6D
:101B0800C2F5F07291B23E4A04335B0013440A46B0
:101B18009A80BB7A1B029BB203F470639AB2FB7A79
:101B28001946FB7B0A4491B2354A08335B001344DB
:101B38000A46DA803B7A03F0F003802B14D0FA7B54
:101B48002F4902F108035B000B440021D980F97B7F
:101B58002B4802F108035B000344D888284A0B1D70
:101B68005B00134402469A80FB7B0133FB73FB7BCB
:101B7800042B7FF67CAF0123BB73214B9B89002B81
:101B880005D11F4BDB8A002B01D10023FB711A4BB7
:101B980000221A70FB7903F01F03002B20D1184B89
:101BA80093F820305BB2002B09DA154B93F82030FC
:101BB80003F07F03DAB2124B83F8202010E0104BB9
:101BC8004FF6FF729A810E4B4FF6FF72DA820C4B7A
:101BD80093F8203023F01F03DAB2094B83F8202052
:101BE800054B1B78F02B02D9034B0A221A70BB7BDA
:101BF80018461037BD4680BD34020020CDCCCCCC71
:101C08000C00002090F2000880B584B000AF0346B5
:101C1800FB710023FB7300233B73FB797B73002369
:101C2800FB7309E03A7BFB7B1049CB5C1344DBB2C6
:101C38003B73FB7B0133FB73FB7BB72BF2D93B7BFD
:101C48005B42DBB23B73B822084948F2470000F018
:101C58000FF807F10C030222194648F2FF0000F0C2
:101C680007F8002318461037BD4680BD9CF20008CF
:101C780080B584B000AF03463960FB8013467B71A2
:101C88000023BB73FFF7FAFB2820FFF7CDFCFFF713
:101C980041FCFB881B0A9BB2DBB21846FFF7C4FC69
:101CA800FFF738FCFB88DBB21846FFF7BDFCFFF7EF
:101CB80031FC0023FB7310E0FB7B3A6813441B786C
:101CC8001846FFF7B1FCFFF725FC0346BB73BB7B47
:101CD800002B07D1FB7B0133FB73FA7B7B799A429C
:101CE800EAD300E000BFFFF7F1FBBB7B18461037D3
:101CF800BD4680BD90B585B000AF03463960FB8016
:101D080013467B71FFF7BAFB2820FFF78DFCFFF71E
:101D180001FCFB881B0A9BB2DBB21846FFF784FC68
:101D2800FFF7F8FBFB88DBB21846FFF77DFCFFF7EF
:101D3800F1FBFFF7A3FB2920FFF776FCFFF7EAFB8F
:101D48000023FB7313E0FA7B7B79013B9A4214BFB3
:101D580001230023DBB21946FB7B3A68D4180846F6
:101D6800FFF79EFC03462370FB7B0133FB73FA7B72
:101D78007B799A42E7D3FFF7A9FB00BF1437BD462A
:101D880090BD000080B588B000AF464B9B69454ABE
:101D980043F010039361434B9B6903F010037B608E
:101DA8007B684FF40053BB600123FB6001233B6158
:101DB80003237B6107F1080319463B4808F0D0F874
:101DC8000223BB600023FB6007F10803194636486D
:101DD80008F0C6F8FFF722FB344B00221A600A20ED
:101DE800FFF7F2FC314B01221A600A20FFF7ECFCE6
:101DF8000223BB6002233B610023FB6007F1080359
:101E08001946294808F0ACF86420FFF7DDFC07F113
:101E180018030422194648F24010FFF76BFF00230D
:101E28003B7707F11803194621480AF087FC07F1A8
:101E3800180320491846FEF7F3F90346002B2BD167
:101E480002233B7607F118030122194648F24000A5
:101E5800FFF70EFF07F118030122194648F2470061
:101E6800FFF748FF3B7E5F2B07D83B7E1946124899
:101E78000AF064FC0120FFF7C7FE0A20FFF7A4FC64
:101E880000233B7607F118030122194648F2400067
:101E9800FFF7EEFE002300E0002318462037BD467A
:101EA80080BD00BF0010024000100140B401224272
:101EB8003CF0000848F0000850F0000880B586B0F3
:101EC80000AF0346FB710023FB750023BB75904BE5
:101ED8001B780133DAB28E4B1A708D4B1A788D4B02
:101EE800A3FB0213D9080B469B000B445B00D31AD3
:101EF800DBB2002B04D0864B1B78092B00F2D6806E
:101F0800FB1D0122194648F24E10FFF7F3FEFB793C
:101F18005BB2002B0EDAFB7903F00F03052B09DC0B
:101F28000023FB7307F10F030122194648F24E10F4
:101F3800FFF79EFEFB7903F00F03002B00F0B6803D
:101F4800FB7903F00F03052B00F3B080FB7903F056
:101F58000F03FF2202FA03F3DBB2FB736E4B93F815
:101F680020307B75FB7B5BB2DB435BB263F03F03E6
:101F78005BB2DAB2684B83F82020674B9A89664BCC
:101F88009A82654BDA8A644BDA830023FB7559E041
:101F9800614B93F820301A46FB7D42FA03F303F0B5
:101FA8000103002B4BD0FB7D5C4A32F8133007F15C
:101FB800100104221846FFF79DFE574B93F8303066
:101FC80003F00103002B1ED07B7C1B029AB23B7CE2
:101FD8001946FB7D0A4491B24F4A08335B0013440B
:101FE8000A46DA80FB7C1B029BB2BA7C13449AB285
:101FF800FB7DC2F5487291B2474A04335B00134433
:102008000A469A801BE07B7C1B029AB23B7C1946ED
:10201800FB7D0A4491B2404A04335B0013440A46EC
:102028009A80FB7C1B029AB2BB7C1946FB7D0A4452
:1020380091B2394A08335B0013440A46DA80FB7DC3
:102048000133FB75FB7D042BA2D90123BB75324BF1
:102058009A89334B1B889A4205D82F4BDA8A304B22
:102068005B889A421FD9FB7903F00E03002B0BD033
:10207800294BDA89284B9A81274B1A8B264BDA820F
:10208800234B00221A7011E0234B9A8A224B9A8123
:10209800214BDA8B204BDA828023FB711E4A7B7D31
:1020A80082F8203002E01A4B00221A70FB7903F004
:1020B8008F03802B20D1184B93F820305BB2002B74
:1020C80009DA154B93F8203003F07F03DAB2124B8C
:1020D80083F8202010E0104B4FF6FF729A810E4BC8
:1020E8004FF6FF72DA820C4B93F8203023F01F036F
:1020F800DAB2094B83F82020054B1B78F02B02D964
:10210800034B0A221A70BB7D18461837BD4680BD9E
:1021180035020020CDCCCCCC0C00002054F30008B4
:102128003802002080B586B000AF1F4B9B691E4A5D
:1021380043F0040393611C4B9B6903F004037B6029
:102148007B68194B9B69184A43F010039361164B3F
:102158009B6903F010033B603B680123BB600023CD
:10216800FB6002233B6103237B6107F108031946E7
:102178000E4807F0F5FE4FF40043BB6001233B61B6
:1021880007F108031946094807F0EAFE2023BB6057
:1021980001233B6107F108031946054807F0E0FEF3
:1021A80000BF1837BD4680BD00100240000801403E
:1021B8000010014080B582B000AF0346FB71FB7987
:1021C800012B02D12F4B01221A702E4B1B78002BAA
:1021D80037D020212C4808F057F80346002B0ED0A2
:1021E8004FF40041294808F04FF80346002B06D069
:1021F8000121264808F048F80346012B21D10A207E
:10220800FFF7E2FA1F4B00221A7020211E4808F03F
:102218003BF80346002B01D101232EE04FF4004187
:102228001A4808F031F80346002B01D1022324E0B4
:102238000121164808F028F80346012B1BD1032377
:102248001BE02021104808F01FF80346012B13D18A
:102258004FF400410D4808F017F80346012B0BD145
:1022680001210A4808F010F80346002B04D1054B59
:1022780001221A7000E000BF002318460837BD4647
:1022880080BD00BF00000020001001400008014090
:1022980080B483B000AF0346FB800D4B4FF48072CF
:1022A8005A610B4B4FF400725A610A4AFB88D3609B
:1022B800074B80225A61064B80221A61044B4FF467
:1022C80000721A6100BF0C37BD4680BC704700BF62
:1022D80000100140000C014080B483B000AF0346F9
:1022E800FB800D4B4FF480721A610B4B4FF4007258
:1022F8005A610A4AFB88D360074B80225A61064B11
:1023080080221A61044B4FF400721A6100BF0C3727
:10231800BD4680BC704700BF00100140000C014062
:1023280080B483B000AF0346FB7100BFFB795A1E2F
:10233800FA71002BFAD100BF00BF0C37BD4680BC34
:102348007047000080B582B000AF1A4B4FF088325A
:102358001A60184B4FF088325A60164B0022DA6028
:10236800154B4FF480721A61134B4FF400725A6187
:10237800114B40225A610220FFF7D2FF0D4B9B6898
:10238800FB800D4B40221A610B4B4FF400721A610F
:10239800084B4FF033321A60064B4FF033325A6015
:1023A800044B4FF6FF72DA60FB8818460837BD46C3
:1023B80080BD00BF000C01400010014080B582B014
:1023C80000AF03460A46FB801346BB80FB881846CD
:1023D800FFF75EFF0C4B4FF480721A610A4B4FF403
:1023E80000725A61094ABB88D360074B80225A6140
:1023F800054B80221A61044B4FF400721A6100BF2A
:102408000837BD4680BD00BF00100140000C0140E8
:1024180080B500AF034B1B891846FFF739FF00BF93
:1024280080BD00BF3802002080B582B000AF0346EF
:102438000A46FB801346BB80994B9B8841F6631282
:10244800934240F03381964B9B79002B63D1944B98
:102458001A88FB88D31A9BB2013BFB80904B5B899F
:102468001846FFF715FF8F4B4FF480721A618D4B9A
:102478004FF400725A618C4B0022DA60894B80223B
:102488005A61884B80221A61864B4FF400721A6198
:10249800844B4FF480721A61824B4FF400725A6178
:1024A800814B0022DA607F4B80225A617D4B80226B
:1024B8001A617C4B4FF400721A617A4B4FF48072A8
:1024C8001A61784B4FF400725A61FB881B0A9AB262
:1024D800754BDA60734B80225A61724B80221A6105
:1024E800704B4FF400721A616E4B4FF480721A6190
:1024F8006C4B4FF400725A61FB886B4ADBB2D360B5
:10250800684B80225A61674B80221A61654B4FF4F1
:1025180000721A6161E0624B5B891846FFF7B8FEEA
:10252800604B4FF480721A615E4B4FF400725A612F
:10253800FB881B0A9AB25C4BDA605A4B80225A61BC
:10254800584B80221A61574B4FF400721A61554B51
:102558004FF480721A61534B4FF400725A61FB8832
:10256800514ADBB2D3604F4B80225A614D4B8022D7
:102578001A614C4B4FF400721A614A4B4FF4807247
:102588001A61484B4FF400725A61454B1B88013B56
:102598001A12454BDA60434B80225A61414B802224
:1025A8001A61404B4FF400721A613E4B4FF480722F
:1025B8001A613C4B4FF400725A61394B1B88013B3E
:1025C800394ADBB2D360374B80225A61354B8022BF
:1025D8001A61344B4FF400721A61314B9B891846CB
:1025E800FFF756FE2F4B4FF480721A612D4B4FF4B4
:1025F80000725A61BB881B0A9AB22B4BDA60294BCE
:1026080080225A61274B80221A61264B4FF40072B0
:102618001A61244B4FF480721A61224B4FF40072F6
:102628005A61BB88204ADBB2D3601E4B80225A61B4
:102638001C4B80221A611B4B4FF400721A61194B14
:102648004FF480721A61174B4FF400725A61144BA1
:102658005B88013B1A12144BDA60124B80225A61D4
:10266800104B80221A610F4B4FF400721A610D4B08
:102678004FF480721A610B4B4FF400725A61084B89
:102688005B88013B084ADBB2D360064B80225A6163
:10269800044B80221A61034B4FF400721A61E2E086
:1026A8003802002000100140000C0140704B9B884C
:1026B80045F21052934272D16D4B5B891846FFF771
:1026C800E7FD6C4B4FF480721A616A4B4FF400724D
:1026D8005A61FB881B0A9AB2674BDA60654B802205
:1026E8005A61644B80221A61624B4FF400721A617E
:1026F8005F4B5B8901339BB21846FFF7C9FD5D4B01
:102708004FF480721A615B4B4FF400725A61FB8878
:10271800594ADBB2D360574B80225A61554B80220D
:102728001A61544B4FF400721A61514B9B89184639
:10273800FFF7AEFD4F4B4FF480721A614D4B4FF4CB
:1027480000725A61BB881B0A9AB24B4BDA60494B3C
:1027580080225A61474B80221A61464B4FF400721F
:102768001A61434B9B8901339BB21846FFF790FDD2
:10277800404B4FF480721A613E4B4FF400725A611D
:10278800BB883D4ADBB2D3603A4B80225A61394B51
:1027980080221A61374B4FF400721A6163E0344BA0
:1027A8005B891846FFF774FD324B4FF480721A614B
:1027B800304B4FF400725A61FB881B0A9AB22E4BB9
:1027C800DA602C4B80225A612A4B80221A61294BED
:1027D8004FF400721A61274B4FF480721A61254B2F
:1027E8004FF400725A61FB88234ADBB2D360214B55
:1027F80080225A611F4B80221A611E4B4FF40072CF
:102808001A611B4B9B891846FFF742FD194B4FF481
:1028180080721A61174B4FF400725A61BB881B0A09
:102828009AB2154BDA60134B80225A61114B802201
:102838001A61104B4FF400721A610E4B4FF48072FC
:102848001A610C4B4FF400725A61BB880A4ADBB21A
:10285800D360084B80225A61064B80221A61054BCF
:102868004FF400721A6100BF0837BD4680BD00BF33
:102878003802002000100140000C014080B584B0EF
:1028880000AF0346FB710023FB810023BB815D4B36
:102898009B79012B05D15B4B9B8841F663129342D0
:1028A80009D1584B9B79002B34D1564B9B8841F664
:1028B800631293422ED1FB79072B2BD801A252F831
:1028C80023F000BFED280008F3280008F9280008C5
:1028D800FF280008052900080B290008112900080D
:1028E800172900080623FB7114E00723FB7111E088
:1028F8000423FB710EE00523FB710BE00123FB7140
:1029080008E00023FB7105E00323FB7102E00223CA
:10291800FB7100BFFB79072B35D801A252F823F0D1
:102928008F29000849290008532900085D29000853
:1029380067290008712900087B29000885290008F3
:10294800FB8943F08003FB811DE0FB8943F04003D2
:10295800FB8118E0FB8943F0C003FB8113E0FB898E
:1029680043F02003FB810EE0FB8943F06003FB8109
:1029780009E0FB8943F0A003FB8104E0FB8943F0F5
:10298800E003FB8100BF1F4B9B8845F21052934226
:1029980003D14FF45853BB8101E03623BB81194B57
:1029A8009B8849F24132934205D0164B9B8847F2E7
:1029B8008972934203D1FB8943F00803FB81FA89AA
:1029C800BB8911461846FFF7F9FC0E4B9B8841F668
:1029D8006312934228D0FB8903F02003002B13D005
:1029E800084B1A88074B5B889A421DD2054B1B88F7
:1029F8007B81044B5A88034B1A80024A7B89538097
:102A080012E000BF380200207F4B1A887E4B5B889B
:102A18009A4209D97C4B1B887B817B4B5A887A4B1D
:102A28001A80794A7B895380774B9B8845F21052EC
:102A3800934240F0EF80744B5B891846FFF728FCFF
:102A4800724B4FF480721A61704B4FF400725A61E6
:102A58006F4B0022DA606D4B80225A616B4B8022EB
:102A68001A616A4B4FF400721A61674B5B89013334
:102A78009BB21846FFF70CFC644B4FF480721A6146
:102A8800624B4FF400725A61614B0022DA605F4B6F
:102A980080225A615D4B80221A615C4B4FF40072B0
:102AA8001A61594B5B8902339BB21846FFF7F0FB5A
:102AB800564B4FF480721A61544B4FF400725A61AE
:102AC800514B1B88013B1A12514BDA604F4B802245
:102AD8005A614E4B80221A614C4B4FF400721A61B6
:102AE800494B5B8903339BB21846FFF7D1FB474B31
:102AF8004FF480721A61454B4FF400725A61424B91
:102B08001B88013B424ADBB2D360404B80225A61AA
:102B18003E4B80221A613D4B4FF400721A613A4BCA
:102B28009B891846FFF7B4FB384B4FF480721A6143
:102B3800364B4FF400725A61354B0022DA60334B42
:102B480080225A61314B80221A61304B4FF4007257
:102B58001A612D4B9B8901339BB21846FFF798FBEE
:102B68002A4B4FF480721A61284B4FF400725A6155
:102B7800274B0022DA60254B80225A61234B8022A2
:102B88001A61224B4FF400721A611F4B9B89023362
:102B98009BB21846FFF77CFB1C4B4FF480721A61FE
:102BA8001A4B4FF400725A61174B5B88013B1A129B
:102BB800174BDA60154B80225A61144B80221A6138
:102BC800124B4FF400721A610F4B9B8903339BB26F
:102BD8001846FFF75DFB0D4B4FF480721A610B4BE3
:102BE8004FF400725A61084B5B88013B084ADBB21C
:102BF800D360064B80225A61044B80221A61034B32
:102C08004FF400721A61C3E038020020001001403E
:102C1800000C0140604B5B891846FFF739FB5F4B9E
:102C28004FF480721A615D4B4FF400725A615C4B2D
:102C38000022DA60594B80225A61584B80221A616F
:102C4800564B4FF400721A61544B4FF480721A615C
:102C5800524B4FF400725A61514B0022DA604F4BCD
:102C680080225A614D4B80221A614C4B4FF40072FE
:102C78001A614A4B4FF480721A61484B4FF4007244
:102C88005A61454B1B88013B1A12454BDA60434B8E
:102C980080225A61414B80221A61404B4FF40072E6
:102CA8001A613E4B4FF480721A613C4B4FF400722C
:102CB8005A61394B1B88013B394ADBB2D360374B29
:102CC80080225A61354B80221A61344B4FF40072CE
:102CD8001A61314B9B891846FFF7DAFA2F4B4FF4EC
:102CE80080721A612D4B4FF400725A612C4B0022EE
:102CF800DA602A4B80225A61284B80221A61274BBE
:102D08004FF400721A61254B4FF480721A61234BFD
:102D18004FF400725A61224B0022DA601F4B802266
:102D28005A611E4B80221A611C4B4FF400721A61C3
:102D38001A4B4FF480721A61184B4FF400725A61A3
:102D4800154B5B88013B1A12154BDA60134B802236
:102D58005A61124B80221A61104B4FF400721A61AB
:102D68000E4B4FF480721A610C4B4FF400725A618B
:102D7800094B5B88013B0A4ADBB2D360074B8022D0
:102D88005A61064B80221A61044B4FF400721A6193
:102D980000BF1037BD4680BD38020020001001403A
:102DA800000C014080B582B000AF03460A46FB80A4
:102DB8001346BB80BA88FB8811461846FFF734FBD8
:102DC800FFF726FB0C4B4FF480721A610A4B4FF445
:102DD80000725A61094B1A88094BDA60064B802247
:102DE8005A61054B80221A61034B4FF400721A6135
:102DF80000BF0837BD4680BD0010014036020020E4
:102E0800000C014080B582B000AF0346FB800B4642
:102E1800BB8013467B803C4B9B8845F21052934203
:102E280078D1394B5B891846FFF732FA374B4FF4A4
:102E380080721A61354B4FF400725A61FB881B0A85
:102E48009AB2334BDA60314B80225A612F4B802281
:102E58001A612E4B4FF400721A612B4B5B890133B8
:102E68009BB21846FFF714FA284B4FF480721A6188
:102E7800264B4FF400725A61FB88254ADBB2D360B7
:102E8800224B80225A61214B80221A611F4B4FF43A
:102E980000721A611C4B9B891846FFF7F9F91B4B06
:102EA8004FF480721A61194B4FF400725A61BB8853
:102EB8001B0A9AB2164BDA60144B80225A61134BE4
:102EC80080221A61114B4FF400721A610E4B9B89D4
:102ED80001339BB21846FFF7DBF90C4B4FF48072B5
:102EE8001A610A4B4FF400725A61BB88084ADBB278
:102EF800D360064B80225A61044B80221A61034B2F
:102F08004FF400721A6141E13802002000100140BC
:102F1800000C0140684B9B8841F66312934240F0D5
:102F2800D180654B9B79002B06D1634B1A88FB88AF
:102F3800D31A9BB2013BFB805F4B5B891846FFF7B6
:102F4800A7F95E4B4FF480721A615C4B4FF4007224
:102F58005A61FB881B0A9AB2594BDA60574B802298
:102F68005A61564B80221A61544B4FF400721A6111
:102F7800524B4FF480721A61504B4FF400725A61F1
:102F8800FB884F4ADBB2D3604C4B80225A614B4BD3
:102F980080221A61494B4FF400721A61474B4FF473
:102FA80080721A61454B4FF400725A61FB881B0A04
:102FB8009AB2434BDA60414B80225A613F4B8022E0
:102FC8001A613E4B4FF400721A613C4B4FF4807209
:102FD8001A613A4B4FF400725A61FB88384ADBB2E7
:102FE800D360364B80225A61344B80221A61334BAE
:102FF8004FF400721A61304B9B891846FFF748F965
:103008002E4B4FF480721A612C4B4FF400725A61A8
:10301800BB881B0A9AB22A4BDA60284B80225A6175
:10302800264B80221A61254B4FF400721A61234BFC
:103038004FF480721A61214B4FF400725A61BB88B9
:103048001F4ADBB2D3601D4B80225A611B4B802282
:103058001A611A4B4FF400721A61184B4FF48072C0
:103068001A61164B4FF400725A61BB881B0A9AB258
:10307800134BDA60114B80225A61104B80221A617F
:103088000E4B4FF400721A610C4B4FF480721A61A8
:103098000A4B4FF400725A61BB88094ADBB2D3600D
:1030A800064B80225A61054B80221A61034B4FF46C
:1030B80000721A616AE000BF380200200010014067
:1030C800000C0140494B5B891846FFF7E1F8484B73
:1030D8004FF480721A61464B4FF400725A61FB88B4
:1030E8001B0A9AB2434BDA60414B80225A61404B2B
:1030F80080221A613E4B4FF400721A613C4B4FF428
:1031080080721A613A4B4FF400725A61FB88394A4F
:10311800DBB2D360364B80225A61354B80221A616C
:10312800334B4FF400721A61304B9B891846FFF7F6
:10313800AFF82F4B4FF480721A612D4B4FF4007289
:103148005A61BB881B0A9AB22A4BDA60284B802244
:103158005A61274B80221A61254B4FF400721A617D
:10316800234B4FF480721A61214B4FF400725A615D
:10317800BB88204ADBB2D3601D4B80225A611C4BAE
:1031880080221A611A4B4FF400721A61184B4FF4DF
:1031980080725A61164B4FF400725A61134B1A89A8
:1031A800144BDA60124B80225A61114B80221A614B
:1031B8000F4B4FF400721A610D4B4FF480721A6175
:1031C8000B4B4FF400725A610A4A7B88D360084B54
:1031D80080225A61064B80221A61054B4FF4007217
:1031E8001A6100BF0837BD4680BD00BF3802002005
:1031F80000100140000C014090B583B000AF0346B9
:10320800FB71BE20FFF744F84B4B4FF480721A61F4
:10321800494B4FF400725A61484B0522DA60464B1D
:1032280080225A61444B80221A61434B4FF400724A
:103238001A61414B4FF480721A613F4B4FF4007290
:103248005A61FB791846FDF74FF939A3D3E90023F2
:10325800FDF7B4F902460B46384C10461946FDF7FF
:103268005DFC0346E360344B80225A61324B802276
:103278001A61314B4FF400721A612F4B4FF4807270
:103288001A612D4B4FF400725A612C4B0122DA60FF
:10329800294B80225A61284B80221A61264B4FF411
:1032A80000721A61244B4FF480721A61224B4FF45A
:1032B80000725A61214BFF22DA601F4B80225A614B
:1032C8001D4B80221A611C4B4FF400721A611A4B75
:1032D8004FF480721A61184B4FF400725A61174B01
:1032E8000022DA60144B80225A61134B80221A6143
:1032F800114B4FF400721A610F4B4FF480721A6130
:103308000D4B4FF400725A610C4B0022DA600A4BE5
:1033180080225A61084B80221A61074B4FF40072D1
:103328001A6100BF0C37BD4690BD00BFAFF30080E7
:10333800666666666666044000100140000C01403F
:1033480080B582B000AF0346FB71584AFB79937190
:10335800FB79002B51D1554BF0221A80534B4FF477
:10336800A0725A80514B9B8845F21052934214D157
:103378004E4B4FF430521A814C4B4FF428525A811D
:103388004A4B4FF42C529A81484B4FF4F0721A80F2
:10339800464B4FF448725A8020E0444B9B8841F6D4
:1033A8006312934211D1414B2C221A813F4B2B229D
:1033B8005A813E4B2A229A813C4B4FF4F0721A8074
:1033C8003A4B4FF448725A8008E0384B2C221A8145
:1033D800364B2A225A81354B2B229A81334B9B88B4
:1033E80045F21032934259D1304B4FF4A0721A80F3
:1033F8002E4B4FF4F0725A8050E02C4B4FF4A072D1
:103408001A802A4BF0225A80284B9B8845F210528A
:10341800934214D1254B4FF430521A81234B4FF469
:1034280028525A81214B4FF42C529A811F4B4FF44A
:1034380048721A801D4B4FF4F0725A8020E01B4BE3
:103448009B8841F66312934211D1184B2C221A81A2
:10345800164B2A225A81154B2B229A81134B4FF473
:1034680048721A80114B4FF4F0725A8008E00F4BE3
:103478002C221A810D4B2A225A810C4B2B229A811D
:103488000A4B9B8845F21032934207D1074B4FF401
:10349800F0721A80054B4FF4A0725A800020FFF793
:1034A800EDF900BF0837BD4680BD00BF38020020D7
:1034B80080B588B000AFA14B9B69A04A43F00803D0
:1034C80093619E4B9B6903F00803BB60BB689B4BF1
:1034D8009B699A4A43F010039361984B9B6903F0E8
:1034E80010037B607B684FF4F863FB6001233B614A
:1034F80001237B610323BB6107F10C031946904844
:1035080006F02EFD4FF6FF73FB6007F10C0319461A
:103518008C4806F025FD8C4B5B68FB61FB6923F04A
:10352800E063FB61FB6943F08063FB61864AFB69EA
:1035380053603220FEF748F901210020FEF73EFFD4
:103548003220FEF741F9D320FEF7A2FEFEF7FAFE7D
:1035580003461A467D4B9A80FEF7F4FE03461A4648
:103568007A4B9A80FEF7EEFE03461A46774B9A800E
:10357800764B9B881B029AB2744B9A80FEF7E2FE48
:1035880003461A46714B9B8813439AB26F4B9A8035
:103598006E4B9B8849F24132934200F0C18004206F
:1035A800FEF776FEFEF7CEFE03461A46674B9A8074
:1035B800FEF7C8FE03461A46644B9A80FEF7C2FE21
:1035C80003461A46614B9A80604B9B881B029AB24D
:1035D8005E4B9A80FEF7B6FE03461A465B4B9B8805
:1035E80013439AB2594B9A80584B9B8848F25252CF
:1035F800934203D1554B47F289729A80534B9B886B
:1036080047F28972934200F08B80D420FEF740FE87
:10361800FEF798FE03461A464C4B9A80FEF792FE38
:1036280003461A46494B9A80FEF78CFE03461A4613
:10363800464B9A80454B9B881B029AB2434B9A8013
:10364800FEF780FE03461A46404B9B8813439AB206
:103658003E4B9A803D4B9B8845F2103293425FD097
:103668004FF45A40FEF714FEFEF76CFE03461A4666
:10367800364B9A804FF45B40FEF70AFEFEF762FE77
:1036880003461A46314B9A80304B9B881B029AB2EC
:103698002E4B9A804FF45C40FEF7FAFDFEF752FE7F
:1036A80003461A46294B9B8813439AB2274B9A80A4
:1036B800264B9B88B3F5004F03D1244B45F210529B
:1036C8009A80224B9B8845F21052934228D0A12021
:1036D800FEF7DEFDFEF736FE03461A461B4B9A80C0
:1036E800FEF730FE03461A46184B9A80174B9B8804
:1036F8001B029AB2154B9A80FEF724FE03461A461F
:10370800124B9B8813439AB2104B9A800F4B9B889D
:1037180045F26172934203D10C4B41F663129A80D1
:103728000A4B9B8819460A4809F008F8074B9B88FA
:1037380049F24132934240F023810BE000100240ED
:1037480000100140000C0140000001403802002038
:1037580064F00008CF20FEF79BFD0020FEF7BCFDBB
:10376800C120FEF7B9FD3020FEF7B6FDED20FEF7CB
:103778008FFD6420FEF7B0FD0320FEF7ADFD12209B
:10378800FEF7AAFD8120FEF7A7FDE820FEF780FDE1
:103798008520FEF7A1FD1020FEF79EFD7A20FEF79A
:1037A8009BFDCB20FEF774FD3920FEF795FD2C20FC
:1037B800FEF792FD0020FEF78FFD3420FEF78CFD0A
:1037C8000220FEF789FDF720FEF762FD2020FEF7B4
:1037D80083FDEA20FEF75CFD0020FEF77DFD00205A
:1037E800FEF77AFDC020FEF753FD1B20FEF774FD9F
:1037F800C120FEF74DFD0120FEF76EFDC520FEF746
:1038080047FD3020FEF768FD3020FEF765FDC72034
:10381800FEF73EFDB720FEF75FFD3620FEF738FDC8
:103828004820FEF759FD3A20FEF732FD5520FEF7F5
:1038380053FDB120FEF72CFD0020FEF74DFD1A20A8
:10384800FEF74AFDB620FEF723FD0A20FEF744FDE9
:10385800A220FEF741FDF220FEF71AFD0020FEF738
:103868003BFD2620FEF714FD0120FEF735FDE02084
:10387800FEF70EFD0F20FEF72FFD2A20FEF72CFD88
:103888002820FEF729FD0820FEF726FD0E20FEF76A
:1038980023FD0820FEF720FD5420FEF71DFDA9207A
:1038A800FEF71AFD4320FEF717FD0A20FEF714FD68
:1038B8000F20FEF711FD0020FEF70EFD0020FEF799
:1038C8000BFD0020FEF708FD0020FEF705FDE120B6
:1038D800FEF7DEFC0020FEF7FFFC1520FEF7FCFCDF
:1038E8001720FEF7F9FC0720FEF7F6FC1120FEF77B
:1038F800F3FC0620FEF7F0FC2B20FEF7EDFC56202B
:10390800FEF7EAFC3C20FEF7E7FC0520FEF7E4FCA6
:103918001020FEF7E1FC0F20FEF7DEFC3F20FEF74B
:10392800DBFC3F20FEF7D8FC0F20FEF7D5FC2B2050
:10393800FEF7AEFC0020FEF7CFFC0020FEF7CCFC23
:103948000120FEF7C9FC3F20FEF7C6FC2A20FEF73F
:103958009FFC0020FEF7C0FC0020FEF7BDFC002005
:10396800FEF7BAFCEF20FEF7B7FC1120FEF790FC3B
:103978007820FDF729FF2920FEF78AFC02F096BB84
:103988006D4B9B8847F28972934240F0D780112093
:10399800FEF77EFC7820FDF717FF3620FEF778FC4F
:1039A8000020FEF799FC3A20FEF772FC0520FEF78E
:1039B80093FCB220FEF76CFC0C20FEF78DFC0C206B
:1039C800FEF78AFC0020FEF787FC3320FEF784FC14
:1039D8003320FEF781FCB720FEF75AFC3520FEF7AE
:1039E8007BFCBB20FEF754FC3220FEF775FCC020A0
:1039F800FEF74EFC0C20FEF76FFCC220FEF748FCD9
:103A08000120FEF769FCC320FEF742FC1020FEF7F8
:103A180063FCC420FEF73CFC2020FEF75DFCC620BA
:103A2800FEF736FC0F20FEF757FCD020FEF730FCDF
:103A3800A420FEF751FCA120FEF74EFCE020FEF783
:103A480027FCD020FEF748FC0020FEF745FC0220AA
:103A5800FEF742FC0720FEF73FFC0A20FEF73CFC7D
:103A68002820FEF739FC3220FEF736FC4420FEF70A
:103A780033FC4220FEF730FC0620FEF72DFC0E201A
:103A8800FEF72AFC1220FEF727FC1420FEF724FC80
:103A98001720FEF721FCE120FEF7FAFBD020FEF705
:103AA8001BFC0020FEF718FC0220FEF715FC07207F
:103AB800FEF712FC0A20FEF70FFC2820FEF70CFC8C
:103AC8003120FEF709FC5420FEF706FC4720FEF7DC
:103AD80003FC0E20FEF700FC1C20FEF7FDFB172060
:103AE800FEF7FAFB1B20FEF7F7FB1E20FEF7F4FBA0
:103AF8002A20FEF7CDFB0020FEF7EEFB0020FEF7A4
:103B0800EBFB0020FEF7E8FBEF20FEF7E5FB2B20A0
:103B1800FEF7BEFB0020FEF7DFFB0020FEF7DCFB14
:103B28000120FEF7D9FB3F20FEF7D6FB2920FEF740
:103B3800AFFB02F0BBBA00BF38020020034B9B88E2
:103B480045F21032934240F07C8701E038020020B1
:103B5800ED20FEF79DFB0120FEF7BEFBFE20FEF7E1
:103B6800BBFBEE20FEF794FBDE20FEF7B5FB212021
:103B7800FEF7B2FBF120FEF78BFB0120FEF7ACFB52
:103B8800DF20FEF785FB1020FEF7A6FBC420FEF71A
:103B98007FFB8F20FEF7A0FBC620FEF779FB0020F5
:103BA800FEF79AFBE220FEF797FBE220FEF794FB74
:103BB800E220FEF791FBBF20FEF76AFBAA20FEF782
:103BC8008BFBB020FEF764FB0D20FEF785FB002081
:103BD800FEF782FB0D20FEF77FFB0020FEF77CFB43
:103BE8001120FEF779FB0020FEF776FB1920FEF77F
:103BF80073FB0020FEF770FB2120FEF76DFB002011
:103C0800FEF76AFB2D20FEF767FB0020FEF764FB3A
:103C18003D20FEF761FB0020FEF75EFB5D20FEF70E
:103C28005BFB0020FEF758FB5D20FEF755FB0020EC
:103C3800FEF752FBB120FEF72BFB8020FEF74CFB72
:103C48000020FEF749FB8B20FEF746FB0020FEF71D
:103C580043FB9620FEF740FB0020FEF73DFBB22019
:103C6800FEF716FB0020FEF737FB0020FEF734FBBB
:103C78000220FEF731FB0020FEF72EFB0320FEF7A3
:103C88002BFB0020FEF728FBB320FEF701FB0020EA
:103C9800FEF722FB0020FEF71FFB0020FEF71CFBAF
:103CA8000020FEF719FB0020FEF716FB0020FEF7A8
:103CB80013FB0020FEF710FB0020FEF70DFB002091
:103CC800FEF70AFB0020FEF707FB0020FEF704FBC7
:103CD8000020FEF701FB0020FEF7FEFA0020FEF7A9
:103CE800FBFA0020FEF7F8FA0020FEF7F5FA0020AC
:103CF800FEF7F2FA0020FEF7EFFA0020FEF7ECFAE2
:103D08000020FEF7E9FA0020FEF7E6FA0020FEF7A9
:103D1800E3FA0020FEF7E0FA0020FEF7DDFAB4200F
:103D2800FEF7B6FA8B20FEF7D7FA0020FEF7D4FA92
:103D38009620FEF7D1FA0020FEF7CEFAA120FEF772
:103D4800CBFA0020FEF7C8FAB520FEF7A1FA022048
:103D5800FEF7C2FA0020FEF7BFFA0320FEF7BCFA0E
:103D68000020FEF7B9FA0420FEF7B6FA0020FEF7A5
:103D7800B3FAB620FEF78CFA0020FEF7ADFA002061
:103D8800FEF7AAFAB720FEF783FA0020FEF7A4FA96
:103D98000020FEF7A1FA3F20FEF79EFA0020FEF76A
:103DA8009BFA5E20FEF798FA0020FEF795FA642049
:103DB800FEF792FA0020FEF78FFA8C20FEF78CFAB5
:103DC8000020FEF789FAAC20FEF786FA0020FEF7FD
:103DD80083FADC20FEF780FA0020FEF77DFA7020D7
:103DE800FEF77AFA0020FEF777FA9020FEF774FAC9
:103DF8000020FEF771FAEB20FEF76EFA0020FEF7BE
:103E08006BFADC20FEF768FA0020FEF765FAB820A6
:103E1800FEF73EFA0020FEF75FFA0020FEF75CFA94
:103E28000020FEF759FA0020FEF756FA0020FEF7A8
:103E380053FA0020FEF750FA0020FEF74DFA002052
:103E4800FEF74AFABA20FEF723FA2420FEF744FACE
:103E58000020FEF741FA0020FEF73EFA0020FEF7A8
:103E68003BFAC120FEF714FA2020FEF735FA0020AD
:103E7800FEF732FA5420FEF72FFA0020FEF72CFA4C
:103E8800FF20FEF729FA0020FEF726FAC220FEF7E7
:103E9800FFF90A20FEF720FA0020FEF71DFA042099
:103EA800FEF71AFA0020FEF717FAC320FEF7F0F91A
:103EB8003C20FEF711FA0020FEF70EFA3A20FEF732
:103EC8000BFA0020FEF708FA3920FEF705FA002061
:103ED800FEF702FA3720FEF7FFF90020FEF7FCF99B
:103EE8003C20FEF7F9F90020FEF7F6F93620FEF738
:103EF800F3F90020FEF7F0F93220FEF7EDF9002083
:103F0800FEF7EAF92F20FEF7E7F90020FEF7E4F9BB
:103F18002C20FEF7E1F90020FEF7DEF92920FEF754
:103F2800DBF90020FEF7D8F92620FEF7D5F90020A6
:103F3800FEF7D2F92420FEF7CFF90020FEF7CCF9DE
:103F48002420FEF7C9F90020FEF7C6F92320FEF762
:103F5800C3F90020FEF7C0F93C20FEF7BDF90020A8
:103F6800FEF7BAF93620FEF7B7F90020FEF7B4F9E4
:103F78003220FEF7B1F90020FEF7AEF92F20FEF748
:103F8800ABF90020FEF7A8F92C20FEF7A5F90020D0
:103F9800FEF7A2F92920FEF79FF90020FEF79CF909
:103FA8002620FEF799F90020FEF796F92420FEF75F
:103FB80093F90020FEF790F92420FEF78DF90020F0
:103FC800FEF78AF92320FEF787F90020FEF784F927
:103FD800C420FEF75DF96220FEF77EF90020FEF7A7
:103FE8007BF90520FEF778F90020FEF775F98420A3
:103FF800FEF772F90020FEF76FF9F020FEF76CF972
:104008000020FEF769F91820FEF766F90020FEF790
:1040180063F9A420FEF760F90020FEF75DF9182087
:10402800FEF75AF90020FEF757F95020FEF754F929
:104038000020FEF751F90C20FEF74EF90020FEF79C
:104048004BF91720FEF748F90020FEF745F99520AF
:10405800FEF742F90020FEF73FF9F320FEF73CF99E
:104068000020FEF739F9E620FEF736F90020FEF7C2
:1040780033F9C520FEF70CF93220FEF72DF90020A0
:10408800FEF72AF94420FEF727F90020FEF724F965
:104098006520FEF721F90020FEF71EF97620FEF7CD
:1040A8001BF90020FEF718F98820FEF715F9002003
:1040B800FEF712F9C620FEF7EBF82020FEF70CF900
:1040C8000020FEF709F91720FEF706F90020FEF791
:1040D80003F90120FEF700F90020FEF7FDF8C720DC
:1040E800FEF7D6F80020FEF7F7F80020FEF7F4F800
:1040F8000020FEF7F1F80020FEF7EEF8C820FEF7E2
:10410800C7F80020FEF7E8F80020FEF7E5F80020E1
:10411800FEF7E2F80020FEF7DFF8C920FEF7B8F84E
:104128000020FEF7D9F80020FEF7D6F80020FEF7A9
:10413800D3F80020FEF7D0F80020FEF7CDF80020D5
:10414800FEF7CAF80020FEF7C7F80020FEF7C4F80B
:104158000020FEF7C1F80020FEF7BEF80020FEF7A9
:10416800BBF80020FEF7B8F80020FEF7B5F80020ED
:10417800FEF7B2F80020FEF7AFF80020FEF7ACF823
:10418800E020FEF785F81620FEF7A6F80020FEF7D7
:10419800A3F81C20FEF7A0F80020FEF79DF82120C8
:1041A800FEF79AF80020FEF797F83620FEF794F805
:1041B8000020FEF791F84620FEF78EF80020FEF763
:1041C8008BF85220FEF788F80020FEF785F8642067
:1041D800FEF782F80020FEF77FF87A20FEF77CF8D9
:1041E8000020FEF779F88B20FEF776F80020FEF71E
:1041F80073F89920FEF770F80020FEF76DF8A820F4
:10420800FEF76AF80020FEF767F8B920FEF764F8B1
:104218000020FEF761F8C420FEF75EF80020FEF7E4
:104228005BF8CA20FEF758F80020FEF755F8D220B0
:10423800FEF752F80020FEF74FF8D920FEF74CF8A9
:104248000020FEF749F8E020FEF746F80020FEF7C8
:1042580043F8F320FEF740F80020FEF73DF8E12090
:10426800FEF716F81620FEF737F80020FEF734F8A8
:104278001C20FEF731F80020FEF72EF82220FEF76A
:104288002BF80020FEF728F83620FEF725F8002046
:10429800FEF722F84520FEF71FF80020FEF71CF86D
:1042A8005220FEF719F80020FEF716F86420FEF7F2
:1042B80013F80020FEF710F87A20FEF70DF800201A
:1042C800FEF70AF88B20FEF707F80020FEF704F83F
:1042D8009920FEF701F80020FDF7FEFFA820FDF762
:1042E800FBFF0020FDF7F8FFB920FDF7F5FF0020E0
:1042F800FDF7F2FFC420FDF7EFFF0020FDF7ECFF0C
:10430800CA20FDF7E9FF0020FDF7E6FFD220FDF700
:10431800E3FF0020FDF7E0FFD820FDF7DDFF0020D8
:10432800FDF7DAFFE020FDF7D7FF0020FDF7D4FF07
:10433800F320FDF7D1FF0020FDF7CEFFE220FDF7C7
:10434800A7FF0520FDF7C8FF0020FDF7C5FF0B20DC
:10435800FDF7C2FF0020FDF7BFFF1B20FDF7BCFFE4
:104368000020FDF7B9FF3420FDF7B6FF0020FDF768
:10437800B3FF4420FDF7B0FF0020FDF7ADFF4F204D
:10438800FDF7AAFF0020FDF7A7FF6120FDF7A4FFB6
:104398000020FDF7A1FF7920FDF79EFF0020FDF723
:1043A8009BFF8820FDF798FF0020FDF795FF9720D9
:1043B800FDF792FF0020FDF78FFFA620FDF78CFF89
:1043C8000020FDF789FFB720FDF786FF0020FDF7E5
:1043D80083FFC220FDF780FF0020FDF77DFFC72087
:1043E800FDF77AFF0020FDF777FFD120FDF774FF76
:1043F8000020FDF771FFD620FDF76EFF0020FDF7C6
:104408006BFFDD20FDF768FF0020FDF765FFF32057
:10441800FDF762FF0020FDF75FFFE320FDF738FF9F
:104428000520FDF759FF0020FDF756FF0A20FDF78C
:1044380053FF0020FDF750FF1C20FDF74DFF002023
:10444800FDF74AFF3320FDF747FF0020FDF744FF43
:104458004420FDF741FF0020FDF73EFF5020FDF707
:104468003BFF0020FDF738FF6220FDF735FF0020F5
:10447800FDF732FF7820FDF72FFF0020FDF72CFF16
:104488008820FDF729FF0020FDF726FF9720FDF77C
:1044980023FF0020FDF720FFA620FDF71DFF0020C9
:1044A800FDF71AFFB720FDF717FF0020FDF714FFEF
:1044B800C220FDF711FF0020FDF70EFFC720FDF712
:1044C8000BFF0020FDF708FFD120FDF705FF0020B6
:1044D800FDF702FFD520FDF7FFFE0020FDF7FCFEEB
:1044E800DD20FDF7F9FE0020FDF7F6FEF320FDF7CD
:1044F800F3FE0020FDF7F0FEE420FDF7C9FE0120E1
:10450800FDF7EAFE0020FDF7E7FE0120FDF7E4FED7
:104518000020FDF7E1FE0220FDF7DEFE0020FDF79A
:10452800DBFE2A20FDF7D8FE0020FDF7D5FE3C2053
:10453800FDF7D2FE0020FDF7CFFE4B20FDF7CCFEA5
:104548000020FDF7C9FE5D20FDF7C6FE0020FDF73F
:10455800C3FE7420FDF7C0FE0020FDF7BDFE8420D9
:10456800FDF7BAFE0020FDF7B7FE9320FDF7B4FE75
:104578000020FDF7B1FEA220FDF7AEFE0020FDF7FA
:10458800ABFEB320FDF7A8FE0020FDF7A5FEBE2078
:10459800FDF7A2FE0020FDF79FFEC420FDF79CFE5C
:1045A8000020FDF799FECD20FDF796FE0020FDF7CF
:1045B80093FED320FDF790FE0020FDF78DFEDD2051
:1045C800FDF78AFE0020FDF787FEF320FDF784FE45
:1045D8000020FDF781FEE520FDF75AFE0020FDF7DB
:1045E8007BFE0020FDF778FE0020FDF775FE002019
:1045F800FDF772FE0220FDF76FFE0020FDF76CFE4E
:104608002920FDF769FE0020FDF766FE3C20FDF736
:1046180063FE0020FDF760FE4B20FDF75DFE0020E5
:10462800FDF75AFE5D20FDF757FE0020FDF754FE0A
:104638007420FDF751FE0020FDF74EFE8420FDF7A3
:104648004BFE0020FDF748FE9320FDF745FE0020B5
:10465800FDF742FEA220FDF73FFE0020FDF73CFEDD
:10466800B320FDF739FE0020FDF736FEBE20FDF72A
:1046780033FE0020FDF730FEC420FDF72DFE00209C
:10468800FDF72AFECD20FDF727FE0020FDF724FECA
:10469800D320FDF721FE0020FDF71EFEDC20FDF7EC
:1046A8001BFE0020FDF718FEF320FDF715FE002085
:1046B800FDF712FEE620FDF7EBFD1120FDF70CFEDD
:1046C8000020FDF709FE3420FDF706FE0020FDF767
:1046D80003FE5620FDF700FE0020FDF7FDFD7620C5
:1046E800FDF7FAFD0020FDF7F7FD7720FDF7F4FD53
:1046F8000020FDF7F1FD6620FDF7EEFD0020FDF737
:10470800EBFD8820FDF7E8FD0020FDF7E5FD992089
:10471800FDF7E2FD0020FDF7DFFDBB20FDF7DCFD26
:104728000020FDF7D9FD9920FDF7D6FD0020FDF703
:10473800D3FD6620FDF7D0FD0020FDF7CDFD552007
:10474800FDF7CAFD0020FDF7C7FD5520FDF7C4FDA4
:104758000020FDF7C1FD4520FDF7BEFD0020FDF757
:10476800BBFD4320FDF7B8FD0020FDF7B5FD442053
:10477800FDF7B2FD0020FDF7AFFDE720FDF788FD4E
:104788003220FDF7A9FD0020FDF7A6FD5520FDF715
:10479800A3FD0020FDF7A0FD7620FDF79DFD00207C
:1047A800FDF79AFD6620FDF797FD0020FDF794FDC3
:1047B8006720FDF791FD0020FDF78EFD6720FDF7CE
:1047C8008BFD0020FDF788FD8720FDF785FD002083
:1047D800FDF782FD9920FDF77FFD0020FDF77CFDA8
:1047E800BB20FDF779FD0020FDF776FD9920FDF748
:1047F80073FD0020FDF770FD7720FDF76DFD0020AB
:10480800FDF76AFD4420FDF767FD0020FDF764FD14
:104818005620FDF761FD0020FDF75EFD2320FDF722
:104828005BFD0020FDF758FD3320FDF755FD002006
:10483800FDF752FD4520FDF74FFD0020FDF74CFD2B
:10484800E820FDF725FD0020FDF746FD0020FDF7D7
:1048580043FD9920FDF740FD0020FDF73DFD872031
:10486800FDF73AFD0020FDF737FD8820FDF734FD00
:104878000020FDF731FD7720FDF72EFD0020FDF724
:104888002BFD6620FDF728FD0020FDF725FD88207B
:10489800FDF722FD0020FDF71FFDAA20FDF71CFDF6
:1048A8000020FDF719FDBB20FDF716FD0020FDF7E0
:1048B80013FD9920FDF710FD0020FDF70DFD662082
:1048C800FDF70AFD0020FDF707FD5520FDF704FD63
:1048D8000020FDF701FD5520FDF7FEFC0020FDF747
:1048E800FBFC4420FDF7F8FC0020FDF7F5FC442014
:1048F800FDF7F2FC0020FDF7EFFC5520FDF7ECFC7E
:104908000020FDF7E9FCE920FDF7C2FCAA20FDF72D
:10491800E3FC0020FDF7E0FC0020FDF7DDFC0020B3
:10492800FDF7DAFC0020FDF7B3FCAA20FDF7D4FC64
:10493800CF20FDF7ADFC0020FDF7CEFC0020FDF7F1
:10494800CBFC0020FDF7C8FC0020FDF7C5FC0020CB
:10495800FDF7C2FC0020FDF7BFFC0020FDF7BCFC02
:104968000020FDF7B9FC0020FDF7B6FC0020FDF79C
:10497800B3FC0020FDF7B0FC0020FDF7ADFC0020E3
:10498800FDF7AAFC0020FDF7A7FC0020FDF7A4FC1A
:104998000020FDF7A1FC0020FDF79EFCF020FDF7AC
:1049A80077FC0020FDF798FC5020FDF795FC0020CF
:1049B800FDF792FC0020FDF78FFC0020FDF78CFC32
:1049C800F320FDF765FC0020FDF786FCF920FDF7D4
:1049D8005FFC0620FDF780FC1020FDF77DFC2920F8
:1049E800FDF77AFC0020FDF777FC3A20FDF750FC34
:1049F8005520FDF771FC1120FDF74AFC6420FCF7F7
:104A0800E3FE2920FDF744FC3520FDF741FC00209A
:104A1800FDF762FC5120FDF73BFCFF20FDF75CFC35
:104A28005320FDF735FC2C20FDF756FC5520FDF7EB
:104A38002FFC8220FDF750FC2C20FDF729FC01F00B
:104A480035BB044B9B8845F21052934240F0818756
:104A580002E000BF3802002055214FF47040FDF7F6
:104A6800ADFCAA214FF20100FDF7A8FC52214FF23C
:104A78000200FDF7A3FC08214FF20300FDF79EFC9E
:104A880001214FF20400FDF799FC0D214FF430404D
:104A9800FDF794FC0D214BF20100FDF78FFC0D2171
:104AA8004BF20200FDF78AFC34214FF43640FDF743
:104AB80085FC34214BF20160FDF780FC34214BF278
:104AC8000260FDF77BFC0D214FF43140FDF776FCC9
:104AD8000D214BF20110FDF771FC0D214BF2021074
:104AE800FDF76CFC34214FF43740FDF767FC3421A7
:104AF8004BF20170FDF762FC34214BF20270FDF7B6
:104B08005DFC00214FF43240FDF758FC00214BF2C8
:104B18000120FDF753FC00214BF20220FDF74EFC6B
:104B280024214FF43840FDF749FC24214BF60100BD
:104B3800FDF744FC24214BF60200FDF73FFC012160
:104B48004FF43F40FDF73AFC0F214FF43340FDF797
:104B580035FC0F214BF20130FDF730FC0F214BF2F1
:104B68000230FDF72BFC34214FF43940FDF726FCC9
:104B780034214BF60110FDF721FC34214BF60210CD
:104B8800FDF71CFC08214FF43540FDF717FC082100
:104B98004BF20150FDF712FC08214BF20250FDF7D1
:104BA8000DFC03214FF44240FDF708FC24214FF48B
:104BB8003A40FDF703FC24214BF60120FDF7FEFBEC
:104BC80024214BF60220FDF7F9FB00214FF43C406D
:104BD800FDF7F4FB78214BF60140FDF7EFFB0021D0
:104BE8004BF60240FDF7EAFB00214FF43D40FDF78C
:104BF800E5FB78214BF60150FDF7E0FB00214BF671
:104C08000250FDF7DBFB00214FF43E40FDF7D6FBD9
:104C180064214BF60160FDF7D1FB00214FF45140B0
:104C2800FDF7CCFB33214DF20110FDF7C7FB002146
:104C38004DF20210FDF7C2FB34214DF20310FDF7CF
:104C4800BDFB00214DF20410FDF7B8FB3A214DF2EF
:104C58000510FDF7B3FB00214DF20610FDF7AEFB82
:104C68004A214DF20710FDF7A9FB00214DF208106B
:104C7800FDF7A4FB5C214DF20910FDF79FFB002115
:104C88004DF20A10FDF79AFB81214DF20B10FDF74A
:104C980095FB00214DF20C10FDF790FBA6214DF27B
:104CA8000D10FDF78BFB00214DF20E10FDF786FB72
:104CB800E5214DF20F10FDF781FB01214DF2101097
:104CC800FDF77CFB13214DF21110FDF777FB012155
:104CD8004DF21210FDF772FB54214DF21310FDF73F
:104CE8006DFB01214DF21410FDF768FB82214DF296
:104CF8001510FDF763FB01214DF21610FDF75EFB61
:104D0800CA214DF21710FDF759FB02214DF2181078
:104D1800FDF754FB00214DF21910FDF74FFB02215E
:104D28004DF21A10FDF74AFB01214DF21B10FDF759
:104D380045FB02214DF21C10FDF740FB34214DF2DA
:104D48001D10FDF73BFB02214DF21E10FDF736FB4F
:104D580067214DF21F10FDF731FB02214DF22010A3
:104D6800FDF72CFB84214DF22110FDF727FB0221D2
:104D78004DF22210FDF722FBA4214DF22310FDF77E
:104D88001DFB02214DF22410FDF718FBB7214DF24F
:104D98002510FDF713FB02214DF22610FDF70EFB3F
:104DA800CF214DF22710FDF709FB02214DF2281003
:104DB800FDF704FBDE214DF22910FDF7FFFA022171
:104DC8004DF22A10FDF7FAFAF2214DF22B10FDF7F9
:104DD800F5FA02214DF22C10FDF7F0FAFE214DF202
:104DE8002D10FDF7EBFA03214DF22E10FDF7E6FA30
:104DF80010214DF22F10FDF7E1FA03214DF230108A
:104E0800FDF7DCFA33214DF23110FDF7D7FA032113
:104E18004DF23210FDF7D2FA6D214DF23310FDF745
:104E2800CDFA00214FF45240FDF7C8FA33214DF274
:104E38000120FDF7C3FA00214DF20220FDF7BEFA6A
:104E480034214DF20320FDF7B9FA00214DF2042078
:104E5800FDF7B4FA3A214DF20520FDF7AFFA00212B
:104E68004DF20620FDF7AAFA4A214DF20720FDF778
:104E7800A5FA00214DF20820FDF7A0FA5C214DF2B9
:104E88000920FDF79BFA00214DF20A20FDF796FA5A
:104E980081214DF20B20FDF791FA00214DF20C20F3
:104EA800FDF78CFAA6214DF20D20FDF787FA0021B7
:104EB8004DF20E20FDF782FAE5214DF20F20FDF7A5
:104EC8007DFA01214DF21020FDF778FA13214DF2F9
:104ED8001120FDF773FA01214DF21220FDF76EFA49
:104EE80054214DF21320FDF769FA01214DF21420E7
:104EF800FDF764FA82214DF21520FDF75FFA0121D2
:104F08004DF21620FDF75AFACA214DF21720FDF787
:104F180055FA02214DF21820FDF750FA00214DF202
:104F28001920FDF74BFA02214DF21A20FDF746FA37
:104F380001214DF21B20FDF741FA02214DF21C2000
:104F4800FDF73CFA34214DF21D20FDF737FA022116
:104F58004DF21E20FDF732FA67214DF21F20FDF7B2
:104F68002DFA02214DF22020FDF728FA84214DF276
:104F78002120FDF723FA02214DF22220FDF71EFA27
:104F8800A4214DF22320FDF719FA02214DF2242025
:104F9800FDF714FAB7214DF22520FDF70FFA02218B
:104FA8004DF22620FDF70AFACF214DF22720FDF712
:104FB80005FA02214DF22820FDF700FADE214DF214
:104FC8002920FDF7FBF902214DF22A20FDF7F6F919
:104FD800F2214DF22B20FDF7F1F902214DF22C20A0
:104FE800FDF7ECF9FE214DF22D20FDF7E7F903213D
:104FF8004DF22E20FDF7E2F910214DF22F20FDF79A
:10500800DDF903214DF23020FDF7D8F933214DF2B7
:105018003120FDF7D3F903214DF23220FDF7CEF907
:105028006D214DF23320FDF7C9F900214FF45340AB
:10503800FDF7C4F933214DF20130FDF7BFF9002126
:105048004DF20230FDF7BAF934214DF20330FDF785
:10505800B5F900214DF20430FDF7B0F93A214DF2CF
:105068000530FDF7ABF900214DF20630FDF7A6F942
:105078004A214DF20730FDF7A1F900214DF2083021
:10508800FDF79CF95C214DF20930FDF797F90021F5
:105098004DF20A30FDF792F981214DF20B30FDF700
:1050A8008DF900214DF20C30FDF788F9A6214DF25B
:1050B8000D30FDF783F900214DF20E30FDF77EF932
:1050C800E5214DF20F30FDF779F901214DF210304D
:1050D800FDF774F913214DF21130FDF76FF9012135
:1050E8004DF21230FDF76AF954214DF21330FDF7F5
:1050F80065F901214DF21430FDF760F982214DF276
:105108001530FDF75BF901214DF21630FDF756F920
:10511800CA214DF21730FDF751F902214DF218302E
:10512800FDF74CF900214DF21930FDF747F902213E
:105138004DF21A30FDF742F901214DF21B30FDF70F
:105148003DF902214DF21C30FDF738F934214DF2BA
:105158001D30FDF733F902214DF21E30FDF72EF90F
:1051680067214DF21F30FDF729F902214DF2203059
:10517800FDF724F984214DF22130FDF71FF90221B2
:105188004DF22230FDF71AF9A4214DF22330FDF734
:1051980015F902214DF22430FDF710F9B7214DF22F
:1051A8002530FDF70BF902214DF22630FDF706F9FF
:1051B800CF214DF22730FDF701F902214DF22830B9
:1051C800FDF7FCF8DE214DF22930FDF7F7F8022152
:1051D8004DF22A30FDF7F2F8F2214DF22B30FDF7AF
:1051E800EDF802214DF22C30FDF7E8F8FE214DF2E2
:1051F8002D30FDF7E3F803214DF22E30FDF7DEF8F0
:1052080010214DF22F30FDF7D9F803214DF230303F
:10521800FDF7D4F833214DF23130FDF7CFF80321F3
:105228004DF23230FDF7CAF86D214DF23330FDF7FB
:10523800C5F800214FF45440FDF7C0F833214DF272
:105248000140FDF7BBF800214DF20240FDF7B6F82A
:1052580034214DF20340FDF7B1F800214DF204402E
:10526800FDF7ACF83A214DF20540FDF7A7F800210B
:105278004DF20640FDF7A2F84A214DF20740FDF72E
:105288009DF800214DF20840FDF798F85C214DF299
:105298000940FDF793F800214DF20A40FDF78EF81A
:1052A80081214DF20B40FDF789F800214DF20C40A9
:1052B800FDF784F8A6214DF20D40FDF77FF8002197
:1052C8004DF20E40FDF77AF8E5214DF20F40FDF75B
:1052D80075F801214DF21040FDF770F813214DF2D9
:1052E8001140FDF76BF801214DF21240FDF766F809
:1052F80054214DF21340FDF761F801214DF214409D
:10530800FDF75CF882214DF21540FDF757F80121B1
:105318004DF21640FDF752F8CA214DF21740FDF73D
:105328004DF802214DF21840FDF748F800214DF2E2
:105338001940FDF743F802214DF21A40FDF73EF8F7
:1053480001214DF21B40FDF739F802214DF21C40B6
:10535800FDF734F834214DF21D40FDF72FF80221F6
:105368004DF21E40FDF72AF867214DF21F40FDF768
:1053780025F802214DF22040FDF720F884214DF256
:105388002140FDF71BF802214DF22240FDF716F8E7
:10539800A4214DF22340FDF711F802214DF22440DB
:1053A800FDF70CF8B7214DF22540FDF707F802216B
:1053B8004DF22640FDF702F8CF214DF22740FCF7C9
:1053C800FDFF02214DF22840FCF7F8FFDE214DF2E7
:1053D8002940FCF7F3FF02214DF22A40FCF7EEFFCB
:1053E800F2214DF22B40FCF7E9FF02214DF22C404F
:1053F800FCF7E4FFFE214DF22D40FCF7DFFF03210F
:105408004DF22E40FCF7DAFF10214DF22F40FCF749
:10541800D5FF03214DF23040FCF7D0FF33214DF288
:105428003140FCF7CBFF03214DF23240FCF7C6FFB9
:105438006D214DF23340FCF7C1FF00214FF4554078
:10544800FCF7BCFF33214DF20150FCF7B7FF0021F8
:105458004DF20250FCF7B2FF34214DF20350FCF735
:10546800ADFF00214DF20450FCF7A8FF3A214DF2A0
:105478000550FCF7A3FF00214DF20650FCF79EFFF4
:105488004A214DF20750FCF799FF00214DF20850D0
:10549800FCF794FF5C214DF20950FCF78FFF0021C7
:1054A8004DF20A50FCF78AFF81214DF20B50FCF7B0
:1054B80085FF00214DF20C50FCF780FFA6214DF22C
:1054C8000D50FCF77BFF00214DF20E50FCF776FFE4
:1054D800E5214DF20F50FCF771FF01214DF21050FC
:1054E800FCF76CFF13214DF21150FCF767FF012107
:1054F8004DF21250FCF762FF54214DF21350FCF7A5
:105508005DFF01214DF21450FCF758FF82214DF246
:105518001550FCF753FF01214DF21650FCF74EFFD2
:10552800CA214DF21750FCF749FF02214DF21850DD
:10553800FCF744FF00214DF21950FCF73FFF022110
:105548004DF21A50FCF73AFF01214DF21B50FCF7BF
:1055580035FF02214DF21C50FCF730FF34214DF28B
:105568001D50FCF72BFF02214DF21E50FCF726FFC1
:1055780067214DF21F50FCF721FF02214DF2205008
:10558800FCF71CFF84214DF22150FCF717FF022184
:105598004DF22250FCF712FFA4214DF22350FCF7E4
:1055A8000DFF02214DF22450FCF708FFB7214DF200
:1055B8002550FCF703FF02214DF22650FCF7FEFEB2
:1055C800CF214DF22750FCF7F9FE02214DF2285069
:1055D800FCF7F4FEDE214DF22950FCF7EFFE022124
:1055E8004DF22A50FCF7EAFEF2214DF22B50FCF75F
:1055F800E5FE02214DF22C50FCF7E0FEFE214DF2B3
:105608002D50FCF7DBFE03214DF22E50FCF7D6FEA1
:1056180010214DF22F50FCF7D1FE03214DF23050EE
:10562800FCF7CCFE33214DF23150FCF7C7FE0321C5
:105638004DF23250FCF7C2FE6D214DF23350FCF7AB
:10564800BDFE00214FF45640FCF7B8FE33214DF261
:105658000160FCF7B3FE00214DF20260FCF7AEFEDC
:1056680034214DF20360FCF7A9FE00214DF20460DD
:10567800FCF7A4FE3A214DF20560FCF79FFE0021DD
:105688004DF20660FCF79AFE4A214DF20760FCF7DE
:1056980095FE00214DF20860FCF790FE5C214DF26A
:1056A8000960FCF78BFE00214DF20A60FCF786FECC
:1056B80081214DF20B60FCF781FE00214DF20C6058
:1056C800FCF77CFEA6214DF20D60FCF777FE002169
:1056D8004DF20E60FCF772FEE5214DF20F60FCF70B
:1056E8006DFE01214DF21060FCF768FE13214DF2AA
:1056F8001160FCF763FE01214DF21260FCF75EFEBB
:1057080054214DF21360FCF759FE01214DF214604B
:10571800FCF754FE82214DF21560FCF74FFE012183
:105728004DF21660FCF74AFECA214DF21760FCF7ED
:1057380045FE02214DF21860FCF740FE00214DF2B3
:105748001960FCF73BFE02214DF21A60FCF736FEA9
:1057580001214DF21B60FCF731FE02214DF21C6065
:10576800FCF72CFE34214DF21D60FCF727FE0221C8
:105778004DF21E60FCF722FE67214DF21F60FCF718
:105788001DFE02214DF22060FCF718FE84214DF227
:105798002160FCF713FE02214DF22260FCF70EFE99
:1057A800A4214DF22360FCF709FE02214DF224608A
:1057B800FCF704FEB7214DF22560FCF7FFFD02213E
:1057C8004DF22660FCF7FAFDCF214DF22760FCF779
:1057D800F5FD02214DF22860FCF7F0FDDE214DF2C7
:1057E8002960FCF7EBFD02214DF22A60FCF7E6FD8B
:1057F800F2214DF22B60FCF7E1FD02214DF22C6005
:10580800FCF7DCFDFE214DF22D60FCF7D7FD0321EE
:105818004DF22E60FCF7D2FD10214DF22F60FCF7FF
:10582800CDFD03214DF23060FCF7C8FD33214DF268
:105838003160FCF7C3FD03214DF23260FCF7BEFD79
:105848006D214DF23360FCF7B9FD55214FF47040DE
:10585800FCF7B4FDAA214FF20100FCF7AFFD52217D
:105868004FF20200FCF7AAFD08214FF20300FCF7F3
:10587800A5FD00214FF20400FCF7A0FDCC214FF458
:105888003140FCF79BFD00214BF20110FCF796FD1F
:1058980005214FF43640FCF791FD70214FF4374055
:1058A800FCF78CFD70214BF20170FCF787FD01219C
:1058B8004FF43840FCF782FD03214BF60100FCF75A
:1058C8007DFD03214BF60200FCF778FD03214BF622
:1058D8000300FCF773FD02214FF43C40FCF76EFD1A
:1058E80000214BF60140FCF769FD00214BF6024010
:1058F800FCF764FDD0214FF44940FCF75FFD02211D
:105908004CF60110FCF75AFD50214CF60210FCF73A
:1059180055FD50214CF60310FCF750FD50214CF674
:105928000410FCF74BFD00214FF45450FCF746FDE2
:1059380055214FF46850FCF741FD4FF48850FCF7AF
:10594800A7FC7820FBF702FF4FF42450FCF7A0FCDB
:10595800ACE3A84B9B8841F66312934240F0A683C0
:10596800E220FCF795FCA44B4FF480721A61A24B1D
:105978004FF400725A61A14B1D22DA609E4B8022BF
:105988005A619D4B80221A619B4B4FF400721A6139
:10599800994B4FF480721A61974B4FF400725A6119
:1059A800964B0222DA60944B80225A61924B8022F5
:1059B8001A61914B4FF400721A618F4B4FF4807249
:1059C8001A618D4B4FF400725A618C4B0422DA60D5
:1059D800894B80225A61884B80221A61864B4FF48A
:1059E80000721A616420FBF7B1FEE020FCF750FC5E
:1059F800814B4FF480721A617F4B4FF400725A61E9
:105A08007E4B0122DA607C4B80225A617A4B8022DD
:105A18001A61794B4FF400721A610A20FBF7D4FE21
:105A2800E020FCF735FC744B4FF480721A61724B1E
:105A38004FF400725A61714B0322DA606E4B802278
:105A48005A616D4B80221A616B4B4FF400721A61D8
:105A58000C20FBF7B9FE0120FCF71AFC0A20FBF723
:105A6800B3FEE620FCF714FC634B4FF480721A6116
:105A7800614B4FF400725A61604B2F22DA605E4B23
:105A880080225A615C4B80221A615B4B4FF4007292
:105A98001A61594B4FF480721A61574B4FF40072D8
:105AA8005A61564BFF22DA60534B80225A61524B9F
:105AB80080221A61504B4FF400721A614E4B4FF41A
:105AC80080721A614C4B4FF400725A614B4BFF22A3
:105AD800DA60494B80225A61474B80221A61464B53
:105AE8004FF400721A61B020FCF7D2FB424B4FF41E
:105AF80080721A61404B4FF400725A613F4B20226A
:105B0800DA603D4B80225A613B4B80221A613A4B46
:105B18004FF400721A61384B4FF480721A61364B99
:105B28004FF400725A61354B0022DA60324B802202
:105B38005A61314B80221A612F4B4FF400721A615F
:105B48002D4B4FF480721A612B4B4FF400725A613F
:105B58002A4B0322DA60284B80225A61264B802286
:105B68001A61254B4FF400721A61234B4FF480726F
:105B78001A61214B4FF400725A61204B40F21F32D8
:105B8800DA601D4B80225A611B4B80221A611A4B26
:105B98004FF400721A61184B4FF480721A61164B59
:105BA8004FF400725A61154B0122DA60124B8022C1
:105BB8005A61114B80221A610F4B4FF400721A611F
:105BC8000D4B4FF480721A610B4B4FF400725A61FF
:105BD8000A4B40F2DF12DA60074B80225A61064B0B
:105BE80080221A61044B4FF400721A61024B4FF481
:105BF800807205E03802002000100140000C0140CE
:105C08001A61A34B4FF400725A61A24B0022DA606A
:105C18009F4B80225A619E4B80221A619C4B4FF405
:105C280000721A61B420FCF733FB994B4FF4807271
:105C38001A61974B4FF400725A61964B0422DA604E
:105C4800934B80225A61924B80221A61904B4FF4F9
:105C580000721A618E4B4FF480721A618C4B4FF4AC
:105C680000725A618B4B40F21F42DA60884B8022E7
:105C78005A61874B80221A61854B4FF400721A6172
:105C8800834B4FF480721A61814B4FF400725A6152
:105C9800804B0022DA607E4B80225A617C4B802246
:105CA8001A617B4B4FF400721A61794B4FF4807282
:105CB8001A61774B4FF400725A61764B2E22DA60E4
:105CC800734B80225A61724B80221A61704B4FF4D9
:105CD80000721A616E4B4FF480721A616C4B4FF46C
:105CE80000725A616B4B0022DA60694B80225A615C
:105CF800674B80221A61664B4FF400721A61644B3D
:105D08004FF480721A61624B4FF400725A61614B12
:105D18000022DA605E4B80225A615D4B80221A6154
:105D28005B4B4FF400721A61594B4FF480721A6141
:105D3800574B4FF400725A61564B0022DA60544BAD
:105D480080225A61524B80221A61514B4FF40072E3
:105D58001A614F4B4FF480721A614D4B4FF4007229
:105D68005A614C4B0022DA60494B80225A61484BF9
:105D780080221A61464B4FF400721A61B620FCF774
:105D880087FA434B4FF480721A61414B4FF400720B
:105D98005A61404B0222DA603D4B80225A613C4BEB
:105DA80080221A613A4B4FF400721A61384B4FF453
:105DB80080721A61364B4FF400725A61354B4FF4BA
:105DC8000372DA60324B80225A61314B80221A61A9
:105DD8002F4B4FF400721A612D4B4FF480721A61E9
:105DE8002B4B4FF400725A612A4B0022DA60284B81
:105DF80080225A61264B80221A61254B4FF400728B
:105E08001A61234B4FF480721A61214B4FF40072D0
:105E18005A61204B1722DA601D4B80225A611C4BB5
:105E280080221A611A4B4FF400721A61184B4FF412
:105E380080721A61164B4FF400725A61154B152285
:105E4800DA60134B80225A61114B80221A61104B81
:105E58004FF400721A610E4B4FF480721A610C4BAA
:105E68004FF400725A610B4B0022DA60084B802213
:105E78005A61074B80221A61054B4FF400721A6170
:105E8800034B4FF480721A61014B4FF4007203E028
:105E980000100140000C01405A618B4B0022DA606F
:105EA8008A4B80225A61894B80221A61874B4FF4B2
:105EB80000721A61F020FCF7EBF9844B4FF4807202
:105EC8001A61824B4FF400725A617F4B0322DA60E9
:105ED8007E4B80225A617D4B80221A617B4B4FF4A6
:105EE80000721A612920FCF7D3F9D020FCF7D0F909
:105EF800764B4FF480721A61744B4FF400725A61FA
:105F0800714B0022DA60714B80225A616F4B8022FC
:105F18001A616E4B4FF400721A61BE20FCF7B8F993
:105F28006A4B4FF480721A61684B4FF400725A61E1
:105F3800654B0522DA60654B80225A61634B8022EB
:105F48001A61624B4FF400721A61604B4FF4807211
:105F58001A615E4B4FF400725A615B4BFE22DA60A5
:105F68005A4B80225A61594B80221A61574B4FF481
:105F780000721A61554B4FF480721A61534B4FF4FB
:105F880000725A61504B0122DA60504B80225A61EC
:105F98004E4B80221A614D4B4FF400721A614B4BE5
:105FA8004FF480721A61494B4FF400725A61464BA4
:105FB8000022DA60454B80225A61444B80221A61E4
:105FC800424B4FF400721A61404B4FF480721A61D1
:105FD8003E4B4FF400725A613B4B0022DA603B4B58
:105FE80080225A61394B80221A61384B4FF4007273
:105FF8001A61364B4FF480721A61344B4FF40072B9
:106008005A61314B0022DA60304B80225A612F4BA3
:1060180080221A612D4B4FF400721A61B820FCF7E8
:1060280037F92A4B4FF480721A61284B4FF40072EB
:106038005A61254B0322DA60244B80225A61234B94
:1060480080221A61214B4FF400721A611F4B4FF4E2
:1060580080721A611D4B4FF400725A611A4B01226B
:10606800DA601A4B80225A61184B80221A61174B4A
:106078004FF400721A61BA20FCF70AF9134B4FF477
:1060880080721A61114B4FF400725A610E4B012253
:10609800DA600E4B80225A610C4B80221A610B4B3E
:1060A8004FF400721A616420FDF7A6F80020FDF78E
:1060B80047F9074B01221A604FF6FF7000F00AF803
:1060C80000BF2037BD4680BD000C014000100140D4
:1060D800A801224280B584B000AF0346FB800023AC
:1060E800FB601A4B1B88BB60184B5B881A46BB6861
:1060F80002FB03F3BB6000210020FCF795F9FCF7D5
:1061080087F90023FB6017E0114B4FF480721A6186
:106118000F4B4FF400725A610E4AFB88D3600C4B48
:1061280080225A610A4B80221A61094B4FF400728F
:106138001A61FB680133FB60FA68BB689A42E3D3D3
:1061480000BF00BF1037BD4680BD00BF3802002029
:1061580000100140000C014090B585B000AF044626
:10616800084611461A462346FB800346BB800B4669
:106178007B8013463B8000237B817A88FB88D31A77
:106188009BB201337B81BB88FB8129E0FA89FB88BC
:1061980011461846FCF748F9FCF73AF90023BB8189
:1061A80017E0144B4FF480721A61124B4FF40072CF
:1061B8005A61114A3B8CD3600E4B80225A610D4BB9
:1061C80080221A610B4B4FF400721A61BB890133AC
:1061D800BB81BA897B899A42E3D3FB890133FB816E
:1061E800FA893B889A42D1D900BF00BF1437BD460F
:1061F80090BD00BF00100140000C014090B58DB06B
:1062080000AF0446084611461A462346FB8003465B
:10621800BB800B467B8013463B800023BB62002378
:106228007B627A88FB88D31A3B623A88BB88D31A88
:10623800FB61FB88FB60BB88BB603B6A002B02DD0F
:1062480001237B610BE03B6A002B02D100237B61B9
:1062580005E04FF0FF337B613B6A5B423B62FB69C1
:10626800002B02DD01233B610BE0FB69002B02D10F
:1062780000233B6105E04FF0FF333B61FB695B4264
:10628800FB613A6AFB699A4202DD3B6ABB6101E045
:10629800FB69BB610023FB852AE0FB689BB2BA68F7
:1062A80092B211461846FCF77DFDBA6A3B6A134460
:1062B800BB627A6AFB6913447B62BA6ABB699A4219
:1062C80007DDBA6ABB69D31ABB62FA687B691344F3
:1062D800FB607A6ABB699A4207DD7A6ABB69D31A9E
:1062E8007B62BA683B691344BB60FB8D0133FB8555
:1062F800FA8DBB6901339A42CFDD00BF00BF343746
:10630800BD4690BD90B583B000AF0446084611461F
:106318001A462346FB800346BB800B467B80134608
:106328003B80BB887A88B988F888FFF767FF3B8885
:10633800FA88B988F888FFF761FF3B887A88398836
:10634800F888FFF75BFF3B887A88B9887888FFF779
:1063580055FF00BF0C37BD4690BD80B586B000AF75
:106368000346FB800B46BB801346FB7000237B6112
:10637800FB783B61FB785B00C3F10303FB607FE0C4
:106388007B699AB2FB88134498B23B699BB2BA887E
:10639800D31A9BB21946FCF705FD3B699AB2FB88F4
:1063A800134498B27B699BB2BA88D31A9BB2194638
:1063B800FCF7F8FC3B699AB2FB88134498B27B69F6
:1063C8009AB2BB8813449BB21946FCF7EBFC7B6975
:1063D8009AB2FB88134498B23B699AB2BB881344BB
:1063E8009BB21946FCF7DEFC7B699BB2FA88D31A8C
:1063F80098B23B699AB2BB8813449BB21946FCF722
:10640800D1FC3B699BB2FA88D31A98B27B699AB2DD
:10641800BB8813449BB21946FCF7C4FC7B699BB24A
:10642800FA88D31A98B23B699BB2BA88D31A9BB23E
:106438001946FCF7B7FC3B699BB2FA88D31A98B2A5
:106448007B699BB2BA88D31A9BB21946FCF7AAFC9F
:106458007B6901337B61FB68002B06DA7B699B0053
:106468000633FA681344FB600AE07A693B69D31A79
:106478009B000A33FA681344FB603B69013B3B61AC
:106488007A693B699A427FF77BAF00BF00BF183734
:10649800BD4680BD90B585B000AF0446084611469C
:1064A8001A462346FB800346BB800B46FB70134607
:1064B800BB70BB887B81BB78DB08DBB21A46BB7834
:1064C80003F00703DBB2002B14BF01230023DBB268
:1064D8001344DBB2BA785208D2B202FB03F37B72E0
:1064E800FB78203BFB7000237B7369E0BB780C2BA7
:1064F8000BD1FA78797B384813465B0013449B002C
:1065080003440B441B78FB7319E0BB78102B08D1AC
:10651800FA787B7B314912010A4413441B78FB73D8
:106528000DE0BB78182B50D1FA78797B2C481346AC
:10653800DB0013449B0003440B441B78FB730023CC
:10654800BB7335E097F90F30002B07DA254B1A8813
:10655800B988FB881846FCF755FC0AE097F8203004
:10656800002B06D1204B1A88B988FB881846FCF7FF
:1065780049FCFB7B5B00FB73BB880133BB801B4B77
:106588005B88BA889A4222D2BA887B89D21ABB78A9
:106598009A420AD17B89BB80FB880133FB80134B6D
:1065A8001B88FA889A4207D312E0BB7B0133BB737E
:1065B800BB7B072BC6D900E000BF7B7B01337B7315
:1065C8007A7B7B7A9A4291D302E000BF00E000BF59
:1065D8001437BD4690BD00BF60F30008D4F700082B
:1065E800C4FD000836020020020000203802002006
:1065F80080B485B000AF03460A46FB711346BB71F1
:106608000123FB6004E0FA79FB6802FB03F3FB60FB
:10661800BB795A1EBA71002BF5D1FB68184614379E
:10662800BD4680BC7047000090B589B002AFBA6023
:106638001A460346FB810B46BB811346FB710023B8
:10664800BB750023FB7555E0FA79FB7DD31ADBB2E5
:10665800013BDBB219460A20FFF7CAFF0246BB68B6
:10666800B3FBF2F1284BA3FB0123DA0813469B0086
:1066780013445B00CA1A13467B75BB7D002B1FD1E0
:10668800FA7DFB79013B9A421ADA7B7D002B15D102
:1066980097F828305B08DBB21A46FB7D9BB202FBF9
:1066A80003F39AB2FB89134498B297F82830B98952
:1066B800002200922022FFF7EDFE18E00123BB75AF
:1066C80097F828305B08DBB21A46FB7D9BB202FBC9
:1066D80003F39AB2FB89134498B27B7D3033DAB264
:1066E80097F82830B98900240094FFF7D3FEFB7D82
:1066F8000133FB75FA7DFB799A42A5D300BF00BF31
:106708001C37BD4690BD00BFCDCCCCCC90B587B072
:1067180002AF0446084611461A462346FB80034644
:10672800BB800B467B8013463B80FB88FB737A88D3
:10673800FB8813447B803A88BB8813443B8024E061
:10674800FA887B889A4207D3FB7BFB8097F8203036
:106758009AB2BB881344BB80BA883B889A421DD240
:106768007B6A1A7897F82030B988F8880024009452
:10677800FFF790FE97F820305B08DBB21A46FB88DB
:106788001344FB807B6A01337B627B6A1B787E2B18
:1067980005D87B6A1B781F2BD2D800E000BF00BF4A
:1067A8001437BD4690BD000080B582B002AF4FF6E9
:1067B800FF70FFF78FFC0B4B1F221A800A4B1B88B8
:1067C800183B98B2094B0193102300931023C82259
:1067D8000021FFF79BFF034B4FF478421A8000BF5C
:1067E800BD4680BD360200203802002074F0000843
:1067F80080B582B002AF4FF6FF70FFF76BFC1C4B01
:106808001F221A801B4B1B88183B98B21A4B019306
:10681800102300931023C8220021FFF777FF174B9E
:106828000193182300931823C82200210020FFF7A2
:106838006DFF134B0193182300931823C8223C21A2
:106848003C20FFF763FF0B4B5B88183B99B20D4B5D
:106858000193102300931023C8220020FFF756FF4E
:10686800034B4FF478421A8000BFBD4680BD00BF7D
:10687800360200203802002074F0000878F0000882
:1068880088F000084802002080B500AF03F074F8D3
:106898004FF4E01001F08CFE4820FAF745FFFBF7B3
:1068A80041FCFCF705FE0A4B1B68984700F012F8FC
:1068B80000F0E0F800F054F800F088F800F0B0F8C4
:1068C80001F026FC01F05CFA0023184680BD00BFE9
:1068D8000C00002080B590B000AF07F11803282203
:1068E8000021184605F0D7FF3B1D00221A605A60A8
:1068F8009A60DA601A610123BB614FF48033FB614F
:1069080000233B620123BB6202237B634FF4803385
:10691800BB634FF4E013FB6307F11803184603F059
:10692800CBFC0346002B01D000F0DAF80F237B6084
:106938000223BB600023FB604FF480633B610023AC
:106948007B613B1D0221184603F038FF0346002BEC
:1069580001D000F0C5F800BF4037BD4680BD00003B
:1069680080B500AF174B184A1A60164B4FF4827265
:106978005A60144B00229A60124B0022DA60114BC5
:1069880000221A610F4B00225A610E4B4FF400721D
:106998009A610C4B1022DA610A4B00221A62094BE9
:1069A80000225A62074B00229A62064B0A22DA62D8
:1069B800044804F091F80346002B01D000F090F849
:1069C80000BF80BDB00200200030014080B500AF9C
:1069D800114B124A1A60104B4FF4E1325A600E4BB9
:1069E80000229A600C4B0022DA600B4B00221A61DD
:1069F800094B0C225A61084B00229A61064B00226F
:106A0800DA61054804F0ECF80346002B01D000F0E9
:106A180067F800BF80BD00BF680200200038014051
:106A280080B500AF114B124A1A60104B4FF4165242
:106A38005A600E4B00229A600C4B0022DA600B4B16
:106A480000221A61094B0C225A61084B00229A61F4
:106A5800064B0022DA61054804F0C2F80346002B11
:106A680001D000F03DF800BF80BD00BF0803002042
:106A78000044004080B586B000AF07F1080300224B
:106A88001A605A609A60DA60134B9B69124A43F0A5
:106A980020039361104B9B6903F020037B607B68A4
:106AA8000D4B9B690C4A43F0040393610A4B9B69A5
:106AB80003F004033B603B681023BB600023FB60CA
:106AC80000233B6107F108031946044803F048FA1C
:106AD80000BF1837BD4680BD0010024000080140C5
:106AE80080B400AF72B600BF00BFFDE780B586B0C6
:106AF80000AF124B9B69114A43F0100393610F4B8F
:106B08009B6903F010037B607B684FF4C053BB6044
:106B18000123FB6001233B6103237B6107F1080329
:106B28001946074803F01CFA064B01221A60064B67
:106B380001221A6000BF1837BD4680BD0010024010
:106B480000100140AC012242B001224280B500AFE2
:106B58000F4B5B680E4A23F4704353600C4B5B6821
:106B68000B4A43F4405353600A4B01221A600A4B04
:106B780001221A600420FAF7E9FD064B00221A6088
:106B88000420FAF7E3FD044B00221A6000BF80BD21
:106B980000100140AC012242B001224280B500AF92
:106BA8000F4B5B680E4A23F4704353600C4B5B68D1
:106BB8000B4A43F4405353600A4B00221A600A4BB5
:106BC80000221A600420FAF7C1FD064B01221A6060
:106BD800054B01221A600420FAF7B8FD00BF80BDFA
:106BE80000100140B0012242AC01224280B582B0BF
:106BF80000AF0023FB71174B5B68164A23F4704300
:106C08005360144B5B68134A43F400435360124BC0
:106C180001221A600120FAF799FD104B01221A602F
:106C28000120FAF793FD09E0FB790133FB71FB7949
:106C3800FA2B03D9FFF7B2FF012307E0084B1B68C3
:106C4800002BF1D1054B00221A60002318460837A3
:106C5800BD4680BD00100140AC012242B001224275
:106C68002C01224280B500AF0F4B00221A600F4B57
:106C78005B680E4A23F4704353600C4B5B680B4A05
:106C880043F4405353600A4B00221A600220FAF77B
:106C98005DFD054B01221A600220FAF757FD024BF1
:106CA80000221A6000BF80BDB001224200100140DE
:106CB800AC01224280B500AF0F4B00221A600F4B87
:106CC8005B680E4A23F4704353600C4B5B680B4AB5
:106CD80043F4405353600A4B01221A600220FAF72A
:106CE80035FD054B01221A600220FAF72FFD024BF1
:106CF80000221A6000BF80BDB0012242001001408E
:106D0800AC01224280B584B000AF0346FB711A4B38
:106D18005B68194A23F470435360174B5B68164A43
:106D280043F440535360154B00221A600023FB7351
:106D380019E0FB79DB09DAB2114B1A60FB795B00C9
:106D4800FB710220FAF702FD0C4B01221A600220A7
:106D5800FAF7FCFC094B00221A600220FAF7F6FC4D
:106D6800FB7B0133FB73FB7B072BE2D900BF00BF22
:106D78001037BD4680BD00BF00100140B00122425F
:106D8800AC01224280B584B000AF0346FB710023FA
:106D9800BB731C4B5B681B4A23F470435360194B4D
:106DA8005B68184A43F4004353600023FB7318E000
:106DB800154B00221A600220FAF7C8FC124B012278
:106DC8001A60BB7B5B00BB73104B1B68002B02D0A7
:106DD800BB7B0133BB730120FAF7B8FCFB7B0133A3
:106DE800FB73FB7B072BE3D9FB79002B02D1FFF761
:106DF80061FF01E0FFF736FFBB7B18461037BD4641
:106E080080BD00BF00100140B00122422C01224287
:106E180080B584B000AF03463960FB8013467B71B0
:106E28000023BB73FAF72AFBB220FAF7FDFBFAF747
:106E380071FBFB881B0A9BB2DBB21846FAF7F4FB1E
:106E4800FAF768FBFB88DBB21846FAF7EDFBFAF7AE
:106E580061FB0023FB7310E0FB7B3A6813441B784B
:106E68001846FAF7E1FBFAF755FB0346BB73BB7B01
:106E7800002B07D1FB7B0133FB73FA7B7B799A42AA
:106E8800EAD300E000BFFAF721FBBB7B18461037B6
:106E9800BD4680BD90B585B000AF03463960FB8024
:106EA80013467B71FAF7EAFAB220FAF7BDFBFAF754
:106EB80031FBFB881B0A9BB2DBB21846FAF7B4FB1E
:106EC800FAF728FBFB88DBB21846FAF7ADFBFAF7AE
:106ED80021FBFAF7D3FAB320FAF7A6FBFAF71AFB65
:106EE8000023FB7313E0FA7B7B79013B9A4214BFC2
:106EF80001230023DBB21946FB7B3A68D418084605
:106F0800FAF7CEFB03462370FB7B0133FB73FA7B56
:106F18007B799A42E7D3FAF7D9FA00BF1437BD460E
:106F280090BD80B584B000AF0346FB710023FB73AE
:106F3800FB79002B01D08023FB7307F10F0301229B
:106F480019464FF45060FFF763FF00BF1037BD4686
:106F580080BD000080B586B000AF0023FB75254BCF
:106F68009B69244A43F010039361224B9B6903F009
:106F780010033B603B6802237B600023BB60012356
:106F8800FB6003233B613B1D19461B4802F0E8FFE9
:106F98004FF400537B600123BB603B1D1946164824
:106FA80002F0DEFFFAF73AFA144B00221A60642066
:106FB800FAF70AFC114B01221A606420FAF704FC64
:106FC8000120FFF7AEFF07F11703012219464FF41E
:106FD8005060FFF75FFFFB7D1946094805F0AEFBDF
:106FE800FB7D802B01D1002300E0012318461837D0
:106FF800BD4680BD0010024000100140B40122428D
:10700800B0F000080000000090B585B000AF03465E
:10701800FB710023FB730023BB738B4B1B7801337D
:10702800DAB2894B1A70884B1A78884BA3FB021383
:10703800D9080B469B000B445B00D31ADBB2002B2C
:1070480004D0814B1B78092B00F2C480FB1D012260
:1070580019460020FFF71EFFFB7903F01F03002BE2
:1070680000F0B880FB795BB203F01F035BB263F0FA
:107078003F035BB2DAB2764B83F820200023FB7320
:1070880095E0734B93F820301A46FB7B42FA03F3E2
:1070980003F00103002B00F08780FB7B6D4A32F878
:1070A800133007F1080104221846FFF7F3FE684B76
:1070B80093F8303003F00103002B3ED0BB7A1B025B
:1070C800FA7A13441846F9F70FFA5BA3D3E90023B9
:1070D800F9F774FA02460B46FC7B10461946F9F795
:1070E8001DFD034699B25A4A04F108035B00134494
:1070F8000A46DA803B7A1B027A7A13441846F9F773
:10710800F3F94FA3D3E90023F9F758FA02460B46DF
:107118004FF000005049F9F799F802460B46FC7BFE
:1071280010461946F9F7FAFC034699B2484A231D56
:107138005B0013440A469A8036E0BB7A1B02FA7A4F
:1071480013441846F9F7D0F93BA3D3E90023F9F71C
:1071580035FA02460B46FC7B10461946F9F7DEFC69
:10716800034699B23A4A231D5B0013440A469A80A3
:107178003B7A1B027A7A13441846F9F7B5F930A31B
:10718800D3E90023F9F71AFA02460B46FC7B1046AE
:107198001946F9F7C3FC034699B22D4A04F10803CE
:1071A8005B0013440A46DA80FB7B0133FB73FB7BED
:1071B800042B7FF666AF0123BB73254B9B89002BFD
:1071C80005D1234BDB8A002B01D10023FB711E4B19
:1071D80000221A70FB7903F01F03002B20D11C4BEF
:1071E80093F820305BB2002B09DA194B93F8203062
:1071F80003F07F03DAB2164B83F8202010E0144B1B
:107208004FF6FF729A81124B4FF6FF72DA82104BDB
:1072180093F8203023F01F03DAB20D4B83F82020B7
:10722800094B1B78F02B02D9074B0A221A70BB7B3B
:1072380018461437BD4690BD7B14AE47E17AD43F5B
:10724800D881734694F6D23F50030020CDCCCCCCE5
:107258000C000020200B01080000894080B584B094
:1072680000AF78600B467B8013463B807B88143BDD
:107278001846F9F77DFD034614491846F9F780FECC
:10728800034613491846F9F7C7FD0346BB603B8818
:10729800C3F582731846F9F76BFD03460B49184688
:1072A800F9F76EFE03460A491846F9F7B5FD034695
:1072B800FB607B681A4607F1080393E8030082E83D
:1072C800030078681037BD4680BD00BF0000484302
:1072D8000000FA4480B400AF044B00221A80044B2B
:1072E80000221A8000BFBD4680BC7047942200204F
:1072F800D841002090B58BB000AF03460A46FB800A
:107308001346BB80484B1B88B3F57A7F80F0888092
:1073180007F11403BA88F9881846FFF79FFF7B69BD
:107328004FF000011846F9F729FF0346002B00D15A
:1073380076E07B693D491846F9F716FF0346002BAE
:1073480000D16DE0BB694FF000011846F9F716FF50
:107358000346002B00D163E0BB6934491846F9F7AE
:1073680003FF0346002B00D15AE02F4B1B88002B4C
:107378000FD12D4B1B885A1C91B22B4A11802C4AD5
:10738800DB00134407F1140292E8030083E80300CA
:1073980046E0254B1B88013B254907F10C02DB0021
:1073A8000B4493E8030082E803007B69FA681146FE
:1073B8001846F9F727FC03467B62BB693A69114610
:1073C8001846F9F71FFC03463B62796A786AF9F7B1
:1073D80023FD03461C46396A386AF9F71DFD034642
:1073E80019462046F9F710FC0346184607F01CFB1F
:1073F800F8611049F869F9F7C1FE0346002B00D17E
:107408000EE0094B1B885A1C91B2074A1180084AA2
:10741800DB00134407F1140292E8030083E8030039
:1074280000BF2C37BD4690BD942200200000FA44CE
:10743800540300200000484290B585B000AF07F122
:10744800080484E80300394681E80C007B68FA6880
:1074580011461846F9F7D6FB03461C463B68BA683E
:1074680011461846F9F7CEFB03461946204607F0A1
:10747800D9FA034618461437BD4690BD80B582B088
:1074880000AF786004497868F9F7C6FC03461846E7
:107498000837BD4680BD00BFE12E654280B584B087
:1074A80000AF4F4B00221A804E4B1B88012B01D88E
:1074B800002391E04A4B1B885A1C91B2484A11801C
:1074C800494A4A49DB0013440A4692E8030083E824
:1074D8000300464B454908330CCB03C9FFF7ACFF03
:1074E800F86002237B8158E07B89591E7B893F4ADB
:1074F8003E48DB0013440CCBC900014403C9FFF725
:107508009BFF3860F9683868F9F77CFB0346184632
:10751800FFF7B4FF786005E035497868F9F772FB42
:1075280003467B6033497868F9F732FE0346002B3F
:10753800F2D105E02E497868F9F766FB03467B60CF
:107548002D497868F9F706FE0346002BF2D17B68CF
:1075580023F0004329491846F9F710FE0346002B8B
:1075680018D01F4B1B88B3F57A7F11D27B895A1E1E
:107578001B4B1B88591C88B2194908801A481B499B
:10758800DB000344D2000A4492E8030083E80300C6
:107598003B68FB607B8901337B81124B1B887A89AE
:1075A8009A42A1D30E4B1B88B3F57A7F12D20D4BAA
:1075B8001B885A1E0A4B1B88591C88B20849088028
:1075C80009480A49DB000344D2000A4492E8030050
:1075D80083E80300024B1B8818461037BD4680BD60
:1075E800D841002094220020982200205403002033
:1075F8000000B44300003443000034C30000A0413D
:1076080080B400AF044B00221A80044B00221A8079
:1076180000BFBD4680BC704794220020D84100209E
:1076280090B597B000AF834B1B88012B40F2FD80CB
:10763800814B7B6507F1100300228049184605F04D
:10764800C5F807F110031846F8F7F4FD03469AB297
:1076580007F1100164237A4803F012FB642002F05A
:10766800EDF90123A7F85230D7E0B7F85230013BC3
:10767800744907F10802DB000B4493E8030082E831
:107688000300B7F852306F493A46DB000B4493E8E1
:10769800030082E803003B68BA6811461846F9F708
:1076A800B1FA0346BB647B68FA6811461846F9F7D5
:1076B800A9FA03467B64B96CB86CF9F7ADFB0346CD
:1076C8001C46796C786CF9F7A7FB034619462046E7
:1076D800F9F79AFA0346184607F0A6F93864B96C20
:1076E800786C07F09FF9034657491846F9F794FB59
:1076F800034656491846F9F743FC0346FB63796D80
:10770800F86BF9F77FFA0346FB6405E05049F86C1B
:10771800F9F778FA0346FB644B49F86CF9F738FD3A
:107728000346002BF2D105E04949F86CF9F76CFAE9
:107738000346FB644749F86CF9F70CFD0346002B38
:10774800F2D1FB6C23F000434FF07E511846F9F755
:107758001FFD0346002B30D0FB6C23F000434FF095
:107768007C511846F9F750FA03461846F9F730FDE8
:107778000346BB634FF00001F86CF9F709FD0346B7
:10778800002B01D0022300E003237B6307F11000E4
:10779800BB6B7A6B304905F019F807F110031846EE
:1077A800F8F748FD03469AB207F11001642324480C
:1077B80003F066FA642002F041F92849386CF9F7B9
:1077C800E7FC0346002B21D04FF07C51386CF9F7C9
:1077D8001BFA03461846F9F7FBFC03463B6307F11F
:1077E80010033A6B1E49184604F0F0FF07F1100326
:1077F8001846F8F71FFD03469AB207F110016423F3
:107808000F4803F03DFA642002F018F9FB6B7B6522
:10781800B7F852300133A7F85230064B1B88B7F837
:1078280052209A42FFF421AF00E000BF5C37BD460A
:1078380090BD00BFD84100200000B442BCF0000851
:10784800080300209822002000003443DA0F494042
:107858000000B443000034C3C8F000080AD7233C32
:10786800D0F0000880B586B000AFF860B9607A60E3
:107878003B604FF00001F868F9F76CFC0346002BF9
:1078880002D04FF00003FB602549F868F9F780FC47
:107898000346002B01D0224BFB604FF00001B86873
:1078A800F9F758FC0346002B02D04FF00003BB60E9
:1078B8001B49B868F9F76CFC0346002B01D0184B3C
:1078C800BB601749F868F9F75BFB0346144918468B
:1078D800F9F7A2FA03461846F9F7A0FC03469BB24B
:1078E8001433FB820E49B868F9F74AFB03460C4982
:1078F8001846F9F791FA034619460A48F9F782F942
:1079080003461846F9F78AFC0346BB827B68FA8A65
:107918001A803B68BA8A1A8000BF1837BD4680BDF6
:10792800000048430000824380B5A4B002AF02F0D3
:107938007BF8C7F884002F4B1B68D7F88420D31A2C
:10794800C72B53D92B4AD7F88430136047F6FF73F7
:10795800009340F217134FF49B72FA210A20FEF7A6
:10796800FBFB254B00221A80244B1B68002B05D0FB
:10797800224B1B68D7F88420D31A01E04FF0FF335D
:10798800C7F880301E4B19681E4B1B6807F1400072
:10799800D7F88020019200930B461B4A402104F03F
:1079A800DFFE1A4B1B78002B01D0184B00E0184B58
:1079B8003846184A402104F0D3FE07F140030193EA
:1079C8001023009310234FF49672FA210A20FEF731
:1079D8009DFE3B4601931023009310234FF49672AB
:1079E80040F209110A20FEF791FE00E000BF883737
:1079F800BD4680BD6C480020360200202848002083
:107A08002048002024480020D8F000082C480020F6
:107A1800FCF0000804F1000880B58EB000AF0FE15B
:107A28008E4B1B685B6887F82E308D4B1B680133C3
:107A38008B4A136001F0F8FF03468A4A136097F8EF
:107A48002E300A2B04D097F82E300D2B40F0E5800D
:107A5800854B1B78002B00F0DC80834B1B781A4683
:107A6800824B002199543F228049814804F03AFF13
:107A78007F4B002283F83F207E4B1B6801337D4AF1
:107A880013604FF000037B634FF000033B63002358
:107A980087F82F3005227849744804F011FF03460F
:107AA800002B2FD1754BBB612C21B86904F0FBFE6C
:107AB80078617B69002B6ED07B6900221A700023E5
:107AC8003B610023FB6007F110031946B86904F015
:107AD80097FC78637B69013307F10C02114618465D
:107AE80004F08EFC38633B69BA699A4206D07B6918
:107AF8005A1CFB689A4201D0012300E0002387F852
:107B08002F3048E006225E49584804F0D9FE034663
:107B1800002B40D15B4BBB622C21B86A04F0C3FE3A
:107B280078627B6A002B36D07B6A00221A700023A9
:107B3800BB6000237B6007F108030A221946B86A74
:107B480004F030FD38627B6A0133391D0A22184679
:107B580004F028FDF861BB68BA6A9A421BD07B6AB8
:107B68005A1C7B689A4216D0386AF9F701F903461D
:107B780045491846F9F704FA03467B63F869F9F7AB
:107B8800F7F8034640491846F9F7FAF903463B6304
:107B9800012387F82F3097F82F30002B39D03B4638
:107BA800BA1C396B786BFFF75DFE384B1B88B3F551
:107BB800C87F2ED2354B1B88002B10D0334B1B8827
:107BC800013B334A32F81300304B1B88013B314AE2
:107BD80032F813107A883B88FEF710FB05E07B88A3
:107BE80039881F22184600F0C5FF284B1B881A4603
:107BF8007988274B23F81210244B1B881A4639889A
:107C0800244B23F81210214B1B8801339AB21F4BC7
:107C18001A80154B00221A7012E0134B1B783E2B6A
:107C28000BD8114B1B785A1CD1B20F4A1170194648
:107C38000E4A97F82E30535402E00B4B00221A706C
:107C4800064B1B681B6803F02003202B3FF4E8AEAB
:107C580000BF00BF3837BD4680BD00BF0803002005
:107C68002048002028480020704800207448002040
:107C78002C480020244800200CF1000879480020F6
:107C880014F100087A4800200000C8421C4800206F
:107C9800DC410020FC44002080B58AB002AF47F6E2
:107CA800FF70FEF717FA284B4FF478421A80274BDB
:107CB8000193182300931823C82223212820FEF7B4
:107CC80025FD214B00221A804FF48273DC223C21CF
:107CD8001420FEF717FB1C4B1F221A801C4B019324
:107CE80018230093182378224FF48C711420FEF780
:107CF8000DFD154B00221A80164B00221A80164BD8
:107D080000221A60154B00221A60154B00221A60D7
:107D1800144B00221A703B4600221349184604F0FF
:107D280055FD3B461846F8F785FA03469AB2394698
:107D380064230E4802F0A4FF642001F07FFE00BF18
:107D48002037BD4680BD00BF360200201CF1000868
:107D58002CF100081C48002020480020244800205E
:107D6800284800202C48002034F10008080300208F
:107D780080B500AFFFF750FEFFF7D6FD00BF80BD0E
:107D880080B58CB002AF002387F827300020FAF7BF
:107D980011FA034687F826309C4B5B680020984709
:107DA80010219B4802F070FA0346012B0CBF0123F7
:107DB8000023DBB287F8253097F82530184600F005
:107DC80073F9924B93F820305BB2002B80F2198143
:107DD8008E4B9A898F4B1B889A4280F02C818B4B53
:107DE800DA8A8C4B5B889A4280F025818A4B1B7813
:107DF800022B00F0DA80022B00F31D81002B02D049
:107E0800012B55D017E1834B1B88173B7F4A92897A
:107E1800934206DC7D4BDB8A0F2B02D8FEF7E8FC89
:107E280045E07A4B9B891D2B13D9784B9B89C82B2E
:107E38000FD8764BDB8A632B0BD9744BDB8A822BEA
:107E480007D8754B01221A7000F01CFAFFF742FAA6
:107E58002DE06E4B9B891D2B11D96C4B9B89C82B30
:107E68000DD86A4BDB8A952B09D9684BDB8AB42B72
:107E780005D8694B02221A70FFF70EFF17E0634B13
:107E88009B891D2B40F2D280604B9B89C82B00F246
:107E9800CD805E4BDB8AC72B40F2C8805B4BDB8A08
:107EA800E62B00F2C3805D4800F0CAF9BEE0BDE0F1
:107EB800564B9B89132B1ED9544B9B89DC2B1AD804
:107EC800524BDB8A3B2B16D9504BDB8AB3F5827FAA
:107ED80011D84E4B9B894D4AD18A4FF478421846A7
:107EE80000F048FE494B9B89484AD28A11461846F9
:107EF800FFF700FA58E0454B9B89132B24D9434BD5
:107F08009B89642B20D8414BDB8AB3F58C7F1BD32C
:107F18003E4BDB8AB3F5987F16D847F6FF7300937C
:107F28004FF48273DC223C211420FEF715F93C4BF8
:107F380000221A804FF48273DC223C211420FEF7C1
:107F4800E1F9FFF75DFB2FE0304B9B89632B12D9DA
:107F58002E4B9B89B42B0ED82C4BDB8AB3F58C7F28
:107F680009D32A4BDB8AB3F5987F04D8FFF796FA32
:107F7800FFF756FB18E0254B9B89B32B58D9234BA9
:107F88009B89B3F58C7F53D8204BDB8AB3F58C7F64
:107F98004ED31E4BDB8AB3F5987F49D81E4B00227F
:107FA8001A7000F0B5F843E042E0184B9B89132B98
:107FB80040D9164B9B898C2B3CD8144BDB8AB3F5E4
:107FC8008C7F37D3114BDB8AB3F5987F32D8124BAD
:107FD80000221A7000F09CF83B1D00221149184637
:107FE80004F0F4FB3B1D1846F8F724F903469AB24F
:107FF800391D64230C4802F043FE642001F01EFD85
:1080080018E00A20F9F7E0FB15E000BF0C0000209B
:108018000008014038020020DA41002040F1000841
:108028003602002050F100080803002000BF02E0DB
:1080380000BF00E000BF194B1B78022B01D1FFF7EE
:1080480097FE97F82630012B09D14FF6FF70FEF7FF
:1080580041F800F085FF00F05DFEFEF7A5FB97F8FC
:108068002730013387F8273097F827200C4BA3FBDC
:10807800021319090B469B000B449B00D31ADBB271
:10808800002B7FF483AE074B1B68002B0CBF01232A
:108098000023DAB2034B1A6078E600BFDA41002009
:1080A800CDCCCCCCA001214280B584B002AF034630
:1080B800FB7147F6FF7300931A23D2220A210A2084
:1080C800FEF74AF80F4B1F221A80FB79002B0AD0C3
:1080D8000D4B0193102300931023C8220A210A2074
:1080E800FEF714FB09E0094B0193102300931023BA
:1080F800C8220A210A20FEF709FB00BF0837BD463F
:1081080080BD00BF360200205CF1000868F100085D
:1081180080B58AB002AF47F6FF70FDF7DBFF424B30
:108128001B781846FFF7C0FF404B4FF478421A807F
:108138003F4B0193182300931823C82232215A2059
:10814800FEF7E4FA394B4FF6FF721A804FF6E073E8
:1081580000938223C82264211E20FDF7FDFF334BC4
:1081680000221A808223C82264211E20FEF7CAF842
:108178003B463049184604F029FB3B46019310233F
:1081880000931023A0226E213C20FEF7BFFA274B54
:108198004FF6FF721A804FF478430093B423C82235
:1081A80096211E20FDF7D8FF204B00221A80B42309
:1081B800C82296211E20FEF7A5F83B461E49184600
:1081C80004F004FB3B460193102300931023A022E4
:1081D800A0213C20FEF79AFA144B4FF6FF721A8042
:1081E8001F230093E623C822C8211E20FDF7B4FFF1
:1081F8000E4B00221A80E623C822C8211E20FEF753
:1082080081F83B460D49184604F0E0FA3B460193D5
:10821800102300931023A022D2213C20FEF776FAE7
:1082280000BF2037BD4680BD040000203602002074
:108238002CF1000878F1000888F1000840F10008E6
:1082480080B584B002AF786047F6FF70FDF742FF53
:108258007B680193182300931823C822282114202F
:10826800FEF754FA064B0193182300931823C822EB
:10827800C8211420FEF74AFA00BF0837BD4680BD62
:1082880098F1000880B582B002AF47F6FF70FDF79D
:1082980021FF234B4FF478421A80224B0193182375
:1082A80000931823C82223212820FEF72FFA1C4BFD
:1082B80000221A804FF48273DC223C211420FEF73E
:1082C80021F8174B4FF6E0721A80174B01931823C9
:1082D8000093182364224FF48C711420FEF716FAC9
:1082E8000F4B4FF478421A80104B019318230093D8
:1082F800182364224FF48C716420FEF707FA084BA8
:108308001F221A800A4B0193182300931823642212
:108318004FF48C71B420FEF7F9F900BFBD4680BD5B
:1083280036020020A0F10008B0F10008B8F10008FA
:108338002CF1000880B485B000AF154B9B69144A36
:1083480043F001039361124B9B6903F00103BB6087
:10835800BB680F4BDB690E4A43F08053D3610C4B6B
:10836800DB6903F080537B607B680A4B5B68FB60CA
:10837800FB6823F0E063FB60FB6843F00073FB607D
:10838800044AFB68536000BF1437BD4680BC704781
:10839800001002400000014080B588B000AF78604E
:1083A80007F1100300221A605A609A60DA607B684D
:1083B8001B681B4A93422FD11A4B9B69194A43F4F5
:1083C80080539361174B9B6903F48053FB60FB68F0
:1083D800144B9B69134A43F004039361114B9B6947
:1083E80003F00403BB60BB68A0233B6102237B61ED
:1083F8000323FB6107F1100319460B4801F0B0FD98
:1084080040233B6100237B610023BB6107F110031C
:108418001946054801F0A4FD00BF2037BD4680BDC0
:1084280000300140001002400008014080B58AB0C9
:1084380000AF786007F1180300221A605A609A604A
:10844800DA607B681B683B4A934232D13A4B9B699E
:10845800394A43F480439361374B9B6903F4804363
:108468007B617B69344B9B69334A43F00403936116
:10847800314B9B6903F004033B613B694FF4007384
:10848800BB610223FB6103237B6207F118031946D2
:108498002A4801F065FD4FF48063BB610023FB614E
:1084A80000233B6207F118031946244801F058FDE0
:1084B8003CE07B681B68224A934237D11E4BDB693C
:1084C8001D4A43F40033D3611B4BDB6903F40033CB
:1084D800FB60FB68184B9B69174A43F004039361E0
:1084E800154B9B6903F00403BB60BB680423BB61A5
:1084F8000223FB6103237B6207F1180319460F4827
:1085080001F02EFD0823BB610023FB6100233B62C1
:1085180007F118031946094801F022FD002201213C
:10852800262001F086FB262001F09FFB00BF28379C
:10853800BD4680BD003801400010024000080140DF
:108548000044004080B400AF00BFFDE780B400AF36
:1085580000BFFDE780B400AF00BFFDE780B400AF07
:1085680000BFFDE780B400AF00BFFDE780B400AFF7
:1085780000BFBD4680BC704780B400AF00BFBD4699
:1085880080BC704780B400AF00BFBD4680BC704758
:1085980080B500AF01F036FA00BF80BD80B500AFEE
:1085A800024802F0F9FB00BF80BD00BF08030020AD
:1085B80080B592B000AF7860002387F84730012378
:1085C800FB614FF480333B6200237B620223BB6371
:1085D8004FF48033FB637B683B6407F11C03184648
:1085E80001F06AFE034687F8473097F84730002BBA
:1085F80001D000BFFDE70F23BB600223FB6000230F
:108608003B614FF480637B610023BB6107F1080382
:108618000221184602F0D2F8034687F8473097F847
:108628004730002B01D000BFFDE700BF4837BD46EB
:1086380080BD80B400AF01231846BD4680BC70479A
:1086480080B582B000AF7860396004F0A5F90346C0
:1086580016221A604FF0FF3318460837BD4680BD12
:1086680080B582B000AF78604FF0FF317868FFF7CF
:10867800E7FF00BFFDE780B586B000AFF860B960DE
:108688007A6000237B610AE0AFF300800146BB6893
:108698005A1CBA60CAB21A707B6901337B617A6965
:1086A8007B689A42F0DB7B6818461837BD4680BD68
:1086B80080B586B000AFF860B9607A6000237B614E
:1086C80009E0BB685A1CBA601B781846AFF30080F3
:1086D8007B6901337B617A697B689A42F1DB7B684D
:1086E80018461837BD4680BD80B483B000AF7860A7
:1086F8004FF0FF3318460C37BD4680BC704780B436
:1087080083B000AF786039603B684FF400525A601C
:10871800002318460C37BD4680BC704780B483B030
:1087280000AF7860012318460C37BD4680BC7047FF
:1087380080B485B000AFF860B9607A60002318464D
:108748001437BD4680BC704780B586B000AF7860EE
:10875800144A154BD31A7B617B693B61134B1B6829
:10876800002B02D1114B124A1A60104B1A687B6811
:1087780013443A699A4207D204F00EF903460C22D0
:108788001A604FF0FF3309E0084B1B68FB60074B8A
:108798001A687B681344054A1360FB681846183743
:1087A800BD4680BD00C0002000040000B448002081
:1087B800084A002080B400AF00BFBD4680BC7047A7
:1087C80080B584B000AF0346FB710023FB73002320
:1087D800FB7319E097F90730002B03DA0E4B0122DF
:1087E8001A6002E00C4B00221A60FB795B00FB71F7
:1087F8000A4B00221A600120F8F7A8FF074B012254
:108808001A60FB7B0133FB73FB7B072BE2D900BFAC
:1088180000BF1037BD4680BD8C0122428001224234
:1088280080B584B000AF0346FB710023FB730023BF
:10883800BB81234B00221A60224B00221A60224B74
:1088480000221A60FB791846FFF7BAFF0620F8F7EE
:108858007DFF1B4B00221A600120F8F777FF184BA9
:1088680001221A600120F8F771FF154B00221A60E7
:108878000023FB7315E0BB895B00BB81104B002212
:108888001A600120F8F762FF0D4B01221A600F4BA6
:108898001B68002B02D0BB890133BB81FB7B0133F2
:1088A800FB73FB7B0F2BE6D9BB891B09BB81064BEE
:1088B80001221A60BB8918461037BD4680BD00BF2B
:1088C800800122428C012242B40122420801224244
:1088D80090B589B000AF0346FB7100237B8300236A
:1088E800FB830EE0FC8BFB791846FFF799FF0346E4
:1088F8001A46630020333B4423F8142CFB8B0133C6
:10890800FB83FB8B042BEDD90023FB8335E0FB8B2A
:108918000133BB832BE0FB8B5B0020333B4433F8F4
:10892800142CBB8B5B0020333B4433F8143C9A4235
:108938001AD9FB8B5B0020333B4433F8143C3B8350
:10894800BB8BFA8B5B0020333B4433F8141C530079
:1089580020333B440A4623F8142CBB8B5B0020339E
:108968003B443A8B23F8142CBB8B0133BB83BB8B62
:10897800042BD0D9FB8B0133FB83FB8B032BC6D98C
:1089880000237B830123FB830BE0FB8B5B002033FD
:108998003B4433F8142C7B8B13447B83FB8B0133D0
:1089A800FB83FB8B032BF0D97B8B054AA2FB0323AC
:1089B8005B083B833B8B18462437BD4690BD00BF00
:1089C800ABAAAAAA80B584B000AF786039600C4B16
:1089D8001B781846FFF77CFF0346FB81094B1B7881
:1089E8001846FFF775FF0346BB817B68FA891A8032
:1089F8003B68BA891A80012318461037BD4680BDE6
:108A0800400000204100002080B586B000AF7860AB
:108A1800396007F1120207F1140311461846FFF7EF
:108A2800D1FF0346FB75FB7D002B01D1002349E0F4
:108A380007F10E0207F1100311461846FFF7C2FFAF
:108A48000346FB75FB7D002B01D100233AE03A8AEF
:108A5800BB8A9A4204D83B8A3133BA8A934208DAED
:108A6800BA8A3B8A9A422CD8BB8A31333A8A9342D3
:108A780027DBFA897B8A9A4204D8FB8931337A8AC0
:108A8800934208DA7A8AFB899A421AD87B8A313368
:108A9800FA89934215DBBB8A1A463B8A1344DA0FDC
:108AA80013445B109AB27B681A807B8A1A46FB894A
:108AB8001344DA0F13445B109AB23B681A800123FF
:108AC80000E0002318461837BD4680BD80B582B047
:108AD80000AF0346FB800B46BB8013467B80244ACD
:108AE8007B881380FB880C3B98B2FB880D339AB2C5
:108AF800BB88B988FDF782FBBB880C3B99B2BB8861
:108B08000D339BB2FA88F888FDF778FBFB880133B0
:108B18009AB2BB8801339BB219461046FAF742F95C
:108B2800FB88013B9AB2BB8801339BB219461046B9
:108B3800FAF738F9FB8801339AB2BB88013B9BB23C
:108B480019461046FAF72EF9FB88013B9AB2BB8802
:108B5800013B9BB219461046FAF724F9B988FB88FD
:108B680006221846FDF7F9FB00BF0837BD4680BD51
:108B78003602002080B582B000AF0346FB800B466A
:108B8800BB8013467B80134A7B881380BA88FB8896
:108B980011461846FAF706F9FB8801339BB2BA88E2
:108BA80011461846FAF7FEF8BB8801339AB2FB88DB
:108BB80011461846FAF7F6F8FB8801339AB2BB88D3
:108BC80001339BB219461046FAF7ECF800BF083794
:108BD800BD4680BD3602002090B583B000AF034685
:108BE800FB71484B1B68002B63D1FB79002B04D029
:108BF80045494648FFF708FF48E043494348FFF71F
:108C080003FF0346002B41D0414B5C6A404B9B89D4
:108C18001846F8F7ADF8034619462046F8F7FCF869
:108C280003461C463A4BB3F92C301846F8F7A0F81F
:108C3800034619462046F7F7E7FF03461846F8F7B4
:108C4800EDFA03469AB2324B9A81314B9C6A304B0B
:108C5800DB8A1846F8F78CF8034619462046F8F7D9
:108C6800DBF803461C462A4BB3F92E301846F8F7B2
:108C78007FF8034619462046F7F7C6FF034618460D
:108C8800F8F7CCFA03469AB2214BDA82204B93F8D4
:108C980020305BB2002B2ADB1D4BC02283F820203A
:108CA8001B4B9A891A4B9A82194BDA8A184BDA832A
:108CB8001DE0174B93F820305BB2002B09DA144BF8
:108CC80093F8203003F07F03DAB2114B83F82020A9
:108CD8000DE00F4B00229A820D4B0022DA830C4BD9
:108CE8004FF6FF729A810A4B4FF6FF72DA82084BF1
:108CF80093F8203023F07F03DBB218460C37BD46CB
:108D080090BD00BF0401224222000020180000206C
:108D18000C00002080B500AF0E2205492820F8F786
:108D280055FB0A213620F8F705FB00BF80BD00BFC0
:108D38003000002080B582B000AF3620F8F7CAFABC
:108D48000346FB71FB790A2B18D10E220E49282005
:108D5800F8F71DFB0D4B93F83030002B06D00C4B69
:108D680090221A700B4BD0221A7005E0084BD022C3
:108D78001A70084B90221A70012300E0002318464D
:108D88000837BD4680BD00BF300000200C00002021
:108D9800400000204100002090B585B002AF044695
:108DA800084611461A462346FB800346BB800B46FD
:108DB8007B8013463B805E4B4FF478421A805D4BB4
:108DC8001A885C4B5B885C49019110210091A021B5
:108DD8002820FDF79BFC574B1A88564B5B88574950
:108DE800019110210091A0217820FDF78FFC514BB3
:108DF8001A88504B5B885249019110210091B42187
:108E08002820FDF783FC4B4B1A884A4B5B884D4959
:108E1800019110210091B4217820FDF777FC454B92
:108E28001A88444B5B884849019110210091C82158
:108E38002820FDF76BFC3F4B1A883E4B5B88434963
:108E4800019110210091C8217820FDF75FFC394B72
:108E58001A88384B5B883E49019110210091DC212A
:108E68002820FDF753FC334B1A88324B5B8839496D
:108E7800019110210091DC217820FDF747FC2D4B52
:108E88001A882C4B5B883449019110210091F021FC
:108E98002820FDF73BFCFA88102300930423A02127
:108EA8004020FDF7C1FBBA88102300930423A021BA
:108EB8009020FDF7B9FB7A88102300930423B4218E
:108EC8004020FDF7B1FB3A88102300930423B42116
:108ED8009020FDF7A9FB3A8B102300930423C821A7
:108EE8004020FDF7A1FBBA8B102300930423C8216F
:108EF8009020FDF799FB3A8C102300930423DC2182
:108F08004020FDF791FBBA8C102300930423DC2149
:108F18009020FDF789FB3A8D102300930323F0215D
:108F28006020FDF781FB00BF0C37BD4690BD00BF38
:108F380036020020380200203CF2000840F2000807
:108F480044F2000848F200084CF2000850F2000809
:108F580054F2000858F200085CF200080000000013
:108F68002DE9F04F93B006AF002387F82F30002388
:108F7800BB85002387F82F30574B1F221A80574B89
:108F88004FF6FF721A804FF6FF70FDF7A3F8524BA9
:108F98004FF478421A804FF6FF70FDF79BF84E4B5E
:108FA80000221A804E4B0193102300936423A022C1
:108FB80028212820FDF7AAFB4FF478421421142019
:108FC800FFF784FD474B002283F82020454B4FF0E4
:108FD80000025A62434B5B6801209847414B93F863
:108FE800203003F0C003402B40F0C8830023BB852A
:108FF8003C4B93F8203023F04003DAB2394B83F826
:10900800202097F82F30374A92899B00283307F1A0
:1090180008010B4423F8282C97F82F30314AD28ABC
:109028009B00283307F108010B4423F8262C97F8F6
:109038002F30013387F82F3097F82F30013B032B5F
:1090480000F29C8301A252F823F000BF659000084B
:1090580087900008B1900008F59000084FF6FF725D
:1090680014211420FFF732FD1F4B1B88143B9BB2C1
:109078004FF4784214211846FFF728FD7EE31A4B77
:109088001B88143B9BB24FF6FF7214211846FFF75A
:109098001DFD154B5B88143B9BB24FF47842194673
:1090A8001420FFF713FD69E30F4B5B88143B9BB259
:1090B8004FF6FF7219461420FFF708FD0A4B1B886C
:1090C800143B98B2084B5B88143B9BB24FF4784230
:1090D8001946FFF7FBFC51E336020020020000208E
:1090E800C0F100080C000020380200203B891A4615
:1090F800BB89D31A002BB8BF5B42BB627B891A4677
:10910800FB89D31A002BB8BF5B427B62BB6A03FBA7
:1091180003F3BB627B6A03FB03F37B62BA6A7B6A75
:1091280013441846F7F7D0F902460B46104619467D
:1091380005F054FC02460B4610461946F7F7EEFCBC
:1091480003467B843B8A1A46BB8AD31A002BB8BFD6
:109158005B42BB627B8A1A46FB8AD31A002BB8BFD4
:109168005B427B62BB6A03FB03F3BB627B6A03FB64
:1091780003F37B62BA6A7B6A13441846F7F7A4F9CB
:1091880002460B461046194605F028FC02460B46D7
:1091980010461946F7F7C2FC03463B847B8C1846F9
:1091A800F7F7E2FD04463B8C1846F7F7E1FD034666
:1091B80019462046F7F7E4FE03461846F7F7A6F9DE
:1091C80002460B46C7E906238DA3D3E90023D7E956
:1091D8000601F7F765FC0346002B0FD18AA3D3E9F4
:1091E8000023D7E90601F7F779FC0346002B05D1E0
:1091F8007B8C002B02D03B8C002B3ED1002387F8C0
:109208002F30834B1B88143B98B2814B5B88143BEF
:109218009BB24FF6FF721946FFF758FC4FF478429D
:1092280014211420FFF752FCB7F80880B7F80A9009
:10923800B7F80CA0B7F80EB03C8A7D8ABE8AFB8AC4
:109248007B604FF00002734BD7E90601F7F7B6F9D8
:1092580002460B4610461946F7F760FC03469BB2D8
:1092680004937B6803930296019500945B465246EB
:1092780049464046FFF790FD8EE23B891A463B8AF5
:10928800D31A002BB8BF5B42BB627B891A467B8A24
:10929800D31A002BB8BF5B427B62BB6A03FB03F3A4
:1092A800BB627B6A03FB03F37B62BA6A7B6A134483
:1092B8001846F7F709F902460B461046194605F015
:1092C8008DFB02460B4610461946F7F727FC034666
:1092D8007B84BB891A46BB8AD31A002BB8BF5B4272
:1092E800BB62FB891A46FB8AD31A002BB8BF5B42C4
:1092F8007B62BB6A03FB03F3BB627B6A03FB03F37A
:109308007B62BA6A7B6A13441846F7F7DDF80246AF
:109318000B461046194605F061FB02460B461046FF
:109328001946F7F7FBFB03463B847B8C1846F7F797
:109338001BFD04463B8C1846F7F71AFD03461946F1
:109348002046F7F71DFE03461846F7F7DFF80246F2
:109358000B46C7E906232AA3D3E90023D7E9060168
:10936800F7F79EFB0346002B09D127A3D3E9002377
:10937800D7E90601F7F7B2FB0346002B4CD00023D0
:1093880087F82F30224B1B88143B98B2204B5B8800
:10939800143B9BB24FF6FF721946FFF797FB4FF449
:1093A800784214211420FFF791FBB7F80880B7F82A
:1093B8000A90B7F80CA0B7F80EB03C8A7D8ABE8A2E
:1093C800FB8A7B604FF00002124BD7E90601F7F7E2
:1093D800F5F802460B4610461946F7F79FFB034679
:1093E8009BB204937B6803930296019500945B46B5
:1093F800524649464046FFF7CFFCCDE1AFF3008027
:10940800666666666666EE3FCDCCCCCCCCCCF03FCB
:109418003802002000005940BB891A463B8AD31AFB
:10942800002BB8BF5B42BB62FB891A467B8AD31A02
:10943800002BB8BF5B427B62BB6A03FB03F3BB62D2
:109448007B6A03FB03F37B62BA6A7B6A13441846A0
:10945800F7F73AF802460B461046194605F0BEFAE9
:1094680002460B4610461946F7F758FB03467B841D
:109478003B891A46BB8AD31A002BB8BF5B42BB6232
:109488007B891A46FB8AD31A002BB8BF5B427B62E2
:10949800BB6A03FB03F3BB627B6A03FB03F37B62D8
:1094A800BA6A7B6A13441846F7F70EF802460B4669
:1094B8001046194605F092FA02460B461046194620
:1094C800F7F72CFB03463B847B8C1846F7F74CFCDC
:1094D80004463B8C1846F7F74BFC034619462046D2
:1094E800F7F74EFD03461846F7F710F802460B4605
:1094F800C7E90623ACA3D3E90023D7E90601F7F7A8
:10950800CFFA0346002B09D1A9A3D3E90023D7E951
:109518000601F7F7E3FA0346002B3ED0002387F84D
:109528002F30A54B1B88143B98B2A34B5B88143B88
:109538009BB24FF6FF721946FFF7C8FA4FF478420C
:1095480014211420FFF7C2FAB7F80880B7F80A9078
:10955800B7F80CA0B7F80EB03C8A7D8ABE8AFB8AA1
:109568007B604FF00002954BD7E90601F7F726F824
:1095780002460B4610461946F7F7D0FA03469BB247
:1095880004937B6803930296019500945B465246C8
:1095980049464046FFF700FCFEE0874B1B88283B06
:1095A8001846F7F7E5FB0446BB891A463B89D31AE8
:1095B8001846F7F7DDFB034619462046F7F7E0FCA7
:1095C80003461A467E4B5A627B4B1B881846F7F7B0
:1095D800CFFB05467A4B5C6ABB891A463B89134424
:1095E8001846F7F7C5FB034619462046F7F714FC5B
:1095F800034619462846F7F705FB03464FF0804116
:109608001846F7F7BDFC03461846F7F7E1FD034691
:109618001AB26B4B9A85684B5B88283B1846F7F75C
:10962800A7FB04467B8A1A467B89D31A1846F7F7A4
:109638009FFB034619462046F7F7A2FC03461A4645
:109648005F4B9A625C4B5B881846F7F791FB0546BF
:109658005B4B9C6A7B8A1A467B8913441846F7F74A
:1096680087FB034619462046F7F7D6FB03461946FB
:109678002846F7F7C7FA03464FF080411846F7F730
:109688007FFC03461846F7F7A3FD03461AB24C4B76
:10969800DA854B4B5B6A1846F7F79AFD0346002BB1
:1096A800B8BF5B42022B0ADC454B9B6A1846F7F7AA
:1096B8008FFD0346002BB8BF5B42022B40DD002321
:1096C80087F82F303C4B1B88143B98B23A4B5B8889
:1096D800143B9BB24FF6FF721946FFF7F7F94FF4A8
:1096E800784214211420FFF7F1F9334B1A88324BD2
:1096F8005B8834490191102100911A212820FDF737
:1097080005F82F4B93F83030002B0CBF01230023B2
:10971800DBB21A462A4B83F83020294B93F83030B5
:10972800002B06D0284B90221A70284BD0221A7092
:1097380032E0254BD0221A70244B90221A702BE06D
:10974800234B1F221A804FF6FF70FCF7C3FC1A4BFD
:109758001A88194B5B881F490191102100916E21CD
:109768002320FCF7D3FF4FF47A70F8F72DF8FFF7B2
:10977800D1FA4FF6FF70FCF7ADFC0EE00A20F8F7BF
:1097880023F8BB8D0133BB85BB8DB3F57A7F7FF69C
:1097980021ACFFF7CFFA00E01CE43437BD46BDE842
:1097A800F08F00BFAFF30080666666666666EE3FC0
:1097B800CDCCCCCCCCCCF03F3802002000005940B6
:1097C8000C00002064F20008400000204100002046
:1097D8003602002078F2000880B586B000AF4A4B08
:1097E8009B8845F21052934228D1F8F7CBFA0346EA
:1097F800002B03D1454B464A5A6004E0FDF7AAFB0B
:10980800424B444A5A60414B93F8303063F07F032F
:10981800DAB23E4B83F830203C4B93F830305AB2E2
:10982800394B9B795BB203F001035BB213435BB224
:10983800DAB2364B83F83020002360E0324B9B8845
:1098480041F6631293421FD1F8F74EF82F4B324A74
:109858005A602E4B93F8303063F07F03DAB22B4B0B
:1098680083F83020294B93F830305AB2264B9B7935
:109878005BB203F001035BB213435BB2DAB2234B72
:1098880083F8302000233AE0244B9B69234A43F0B5
:1098980010039361214B9B6903F010037B607B6885
:1098A80042F20903BB600123FB6001233B610323F0
:1098B8007B6107F108031946194800F051FB06239C
:1098C800BB600023FB6007F108031946144800F049
:1098D80047FB14491448FFF775F8F7F7F5FCFFF74D
:1098E80029FA0346002B01D0002308E04FF6FF7049
:1098F800FCF7F0FBFFF734FBFFF71CFA01231846CF
:109908001837BD4680BD00BF380200200C0000207B
:10991800C51E000811700008E51900080010024073
:109928000010014022000020180000200C480D49BA
:109938000D4A002302E0D458C4500433C4188C42A2
:10994800F9D30A4A0A4C002301E013600432A24208
:10995800FBD3FEF72FFF03F025F8FCF795FF7047C0
:109968000000002014020020700F010814020020DB
:10997800084A0020FEE7000080B500AF084B1B68CE
:10998800074A43F010031360032000F047F90F2043
:1099980000F008F8FEF7CEFC0023184680BD00BF93
:1099A8000020024080B582B000AF7860124B1A6880
:1099B800124B1B7819464FF47A73B3FBF1F3B2FBE1
:1099C800F3F3184600F05FF90346002B01D001239A
:1099D8000EE07B680F2B0AD8002279684FF0FF3021
:1099E80000F027F9064A7B681360002300E0012392
:1099F80018460837BD4680BD0800002048000020F2
:109A08004400002080B400AF054B1B781A46054B74
:109A18001B681344034A136000BFBD4680BC7047EF
:109A280048000020B848002080B400AF024B1B68F3
:109A38001846BD4680BC7047B848002080B584B041
:109A480000AF7860FFF7F0FFB8607B68FB60FB68E9
:109A5800B3F1FF3F05D00A4B1B781A46FB68134445
:109A6800FB6000BFFFF7E0FF0246BB68D31AFA6845
:109A78009A42F7D800BF00BF1037BD4680BD00BF6F
:109A88004800002080B485B000AF78607B6803F0A0
:109A98000703FB600C4BDB68BB60BA684FF6FF033B
:109AA8001340BB60FB681A02BB68134343F0BF63F3
:109AB80043F40033BB60044ABB68D36000BF14376B
:109AC800BD4680BC704700BF00ED00E080B400AF29
:109AD800044BDB681B0A03F007031846BD4680BC2D
:109AE800704700BF00ED00E080B483B000AF0346CC
:109AF800FB7197F90730002B0BDBFB7903F01F0292
:109B0800064997F907305B09012000FA02F241F88B
:109B1800232000BF0C37BD4680BC704700E100E041
:109B280080B483B000AF03463960FB7197F9073002
:109B3800002B0ADB3B68DAB20C4997F907301201AF
:109B4800D2B20B4483F800230AE03B68DAB2084932
:109B5800FB7903F00F03043B1201D2B20B441A76CF
:109B680000BF0C37BD4680BC704700BF00E100E075
:109B780000ED00E080B489B000AFF860B9607A60A9
:109B8800FB6803F00703FB61FB69C3F10703042BC0
:109B980028BF0423BB61FB690433062B02D9FB6988
:109BA800033B00E000237B614FF0FF32BB6902FA00
:109BB80003F3DA43BB681A407B699A404FF0FF31E0
:109BC8007B6901FA03F3D9437B680B4013431846BA
:109BD8002437BD4680BC704780B582B000AF78603E
:109BE8007B68013BB3F1807F01D301230FE00A4A70
:109BF8007B68013B53600F214FF0FF30FFF790FF68
:109C0800054B00229A60044B07221A60002318466D
:109C18000837BD4680BD00BF10E000E080B582B0C7
:109C280000AF78607868FFF72DFF00BF0837BD46A2
:109C380080BD80B586B000AF0346B9607A60FB731B
:109C480000237B61FFF742FF78617A68B968786919
:109C5800FFF790FF024697F90F3011461846FFF7B5
:109C68005FFF00BF1837BD4680BD80B582B000AF2A
:109C78000346FB7197F907301846FFF735FF00BF19
:109C88000837BD4680BD80B582B000AF786078687F
:109C9800FFF7A2FF034618460837BD4680BD0000FF
:109CA80080B483B000AF78607B68042B06D1094B81
:109CB8001B68084A43F00403136005E0054B1B6862
:109CC800044A23F00403136000BF0C37BD4680BC70
:109CD800704700BF10E000E080B485B000AF786046
:109CE8000023FB737B6893F82130DBB2022B08D08A
:109CF8007B6804229A637B68002283F82020012372
:109D080020E07B681B681A687B681B6822F00E02DB
:109D18001A607B681B681A687B681B6822F001025E
:109D28001A607B681A6C7B68DB6B012101FA02F20E
:109D38005A607B68012283F821207B68002283F81F
:109D48002020FB7B18461437BD4680BC70470000B6
:109D580080B584B000AF78600023FB737B6893F80C
:109D68002130DBB2022B05D07B6804229A630123E1
:109D7800FB73D6E07B681B681A687B681B6822F057
:109D88000E021A607B681B681A687B681B6822F0E1
:109D980001021A607B681B681A46644B9A4258D9BC
:109DA8007B681B68624A93424FD07B681B68614A94
:109DB800934248D07B681B685F4A934240D07B68D7
:109DC8001B685E4A934238D07B681B685C4A9342A2
:109DD80030D07B681B685B4A934228D07B681B683D
:109DE800524A934220D07B681B68574A934219D045
:109DF8007B681B68554A934212D07B681B68544A9B
:109E080093420AD07B681B68524A934202D14FF4AE
:109E180080531BE04FF4803318E04FF4807315E053
:109E2800102313E0012311E04FF080730EE04FF48C
:109E380080130BE04FF4803308E04FF4805305E0C3
:109E48004FF4807302E0102300E00123424A53607C
:109E580057E07B681B68364A93424FD07B681B6883
:109E6800344A934248D07B681B68334A934240D0B7
:109E78007B681B68314A934238D07B681B68304A3C
:109E8800934230D07B681B682E4A934228D07B6867
:109E98001B68264A934220D07B681B682A4A934253
:109EA80019D07B681B68294A934212D07B681B68CB
:109EB800274A93420AD07B681B68264A934202D1FC
:109EC8004FF480531BE04FF4803318E04FF4807355
:109ED80015E0102313E0012311E04FF080730EE02A
:109EE8004FF480130BE04FF4803308E04FF48053B5
:109EF80005E04FF4807302E0102300E00123174AC5
:109F080053607B68012283F821207B68002283F854
:109F180020207B685B6B002B03D07B685B6B7868C9
:109F28009847FB7B18461037BD4680BD800002402D
:109F3800080002401C000240300002404400024079
:109F4800580002406C000240080402401C04024011
:109F58003004024044040240000402400000024071
:109F680080B48BB000AF7860396000237B62002337
:109F78003B6279E101227B6A02FA03F3FB613B68E9
:109F88001B68FA691340BB61BA69FB699A4240F0E1
:109F980068813B685B68964A93425ED0944A9342D4
:109FA80075D8944A934258D0924A93426FD8924AAD
:109FB800934252D0904A934269D8904A93424CD0E7
:109FC8008E4A934263D88E4A934246D08C4A934233
:109FD8005DD8122B2AD8122B59D801A252F823F097
:109FE80063A000083DA000084FA0000891A0000849
:109FF80097A0000897A0000897A0000897A000085D
:10A0080097A0000897A0000897A0000897A000084C
:10A0180097A0000897A0000897A0000897A000083C
:10A0280097A0000845A0000859A00008754A934267
:10A0380013D02CE03B68DB683B6229E03B68DB68B7
:10A0480004333B6224E03B68DB6808333B621FE073
:10A058003B68DB680C333B621AE03B689B68002B6B
:10A0680002D104233B6213E03B689B68012B05D1B6
:10A0780008233B627B68FA691A6109E008233B629E
:10A088007B68FA695A6103E000233B6200E000BF85
:10A09800BB69FF2B01D87B6801E07B6804337B61D7
:10A0A800BB69FF2B02D87B6A9B0002E07B6A083BF6
:10A0B8009B003B617B691A680F213B6901FA03F336
:10A0C800DB431A40396A3B6901FA03F31A437B6997
:10A0D8001A603B685B6803F08053002B00F0C18076
:10A0E800494B9B69484A43F001039361464B9B697E
:10A0F80003F00103BB60BB68444A7B6A9B080233D8
:10A1080052F82330FB607B6A03F003039B000F22A5
:10A1180002FA03F3DB43FA681340FB607B683C4AAE
:10A1280093421FD07B683B4A934219D07B683A4AD6
:10A13800934213D07B68394A93420DD07B68384AE2
:10A14800934207D07B68374A934201D105230AE03E
:10A15800062308E0042306E0032304E0022302E0C8
:10A16800012300E000237A6A02F003029200934080
:10A17800FA681343FB6025497B6A9B080233FA6837
:10A1880041F823203B685B6803F48013002B06D05A
:10A19800254B9A682449BB6913438B6006E0224B20
:10A1A8009A68BB69DB43204913408B603B685B6856
:10A1B80003F40013002B06D01B4BDA681A49BB695D
:10A1C8001343CB6006E0184BDA68BB69DB431649DA
:10A1D8001340CB603B685B6803F40033002B25D049
:10A1E800114B5A681049BB6913434B6025E000BF07
:10A1F8000000321000003110000022100000211071
:10A208000000121000001110001002400000014070
:10A2180000080140000C01400010014000140140FA
:10A2280000180140001C014000040140154B5A6809
:10A23800BB69DB43134913404B603B685B6803F41D
:10A248008033002B06D00F4B1A680E49BB691343A5
:10A258000B6006E00B4B1A68BB69DB4309491340E6
:10A268000B607B6A01337B623B681A687B6A22FA5F
:10A2780003F3002B7FF47EAE00BF00BF2C37BD4632
:10A2880080BC70470004014080B485B000AF78609E
:10A298000B467B807B689A687B881340002B02D032
:10A2A8000123FB7301E00023FB73FB7B1846143783
:10A2B800BD4680BC7047000080B586B000AF7860AE
:10A2C8007B68002B01D1012372E27B681B6803F0D5
:10A2D8000103002B00F08780924B5B6803F00C03AE
:10A2E800042B0CD08F4B5B6803F00C03082B12D1A6
:10A2F8008C4B5B6803F48033B3F5803F0BD1894BFB
:10A308001B6803F40033002B6CD07B685B68002B60
:10A3180068D101234CE27B685B68B3F5803F06D1C6
:10A32800804B1B687F4A43F4803313602EE07B68C0
:10A338005B68002B0CD17B4B1B687A4A23F4803373
:10A348001360784B1B68774A23F4802313601DE061
:10A358007B685B68B3F5A02F0CD1724B1B68714A00
:10A3680043F4802313606F4B1B686E4A43F48033B9
:10A3780013600BE06B4B1B686A4A23F4803313604D
:10A38800684B1B68674A23F4802313607B685B680B
:10A39800002B13D0FFF748FB386108E0FFF744FBB8
:10A3A80002463B69D31A642B01D9032300E25D4BB3
:10A3B8001B6803F40033002BF0D014E0FFF734FBE4
:10A3C800386108E0FFF730FB02463B69D31A642B7B
:10A3D80001D90323ECE1534B1B6803F40033002B32
:10A3E800F0D100E000BF7B681B6803F00203002B7C
:10A3F80063D04C4B5B6803F00C03002B0BD0494B2C
:10A408005B6803F00C03082B1CD1464B5B6803F414
:10A418008033002B16D1434B1B6803F00203002B3B
:10A4280005D07B681B69012B01D00123C0E13D4B9E
:10A438001B6823F0F8027B685B69DB00394913432A
:10A448000B603AE07B681B69002B20D0364B012259
:10A458001A60FFF7E9FA386108E0FFF7E5FA024603
:10A468003B69D31A022B01D90323A1E12D4B1B68A9
:10A4780003F00203002BF0D02A4B1B6823F0F802EC
:10A488007B685B69DB00274913430B6015E0264BAB
:10A4980000221A60FFF7C8FA386108E0FFF7C4FA2B
:10A4A80002463B69D31A022B01D9032380E11D4BD5
:10A4B8001B6803F00203002BF0D17B681B6803F0D4
:10A4C8000803002B3AD07B689B69002B19D0174BE7
:10A4D80001221A60FFF7A8FA386108E0FFF7A4FA2A
:10A4E80002463B69D31A022B01D9032360E10D4BC5
:10A4F8005B6A03F00203002BF0D0012000F0CEFAD3
:10A508001CE00A4B00221A60FFF78EFA38610FE050
:10A51800FFF78AFA02463B69D31A022B08D90323AC
:10A5280046E100BF0010024000004242800442425F
:10A53800924B5B6A03F00203002BE9D17B681B682E
:10A5480003F00403002B00F0A6800023FB758B4B5F
:10A55800DB6903F08053002B0DD1884BDB69874AF8
:10A5680043F08053D361854BDB6903F08053BB60B4
:10A57800BB680123FB75824B1B6803F48073002BB7
:10A5880018D17F4B1B687E4A43F480731360FFF732
:10A598004BFA386108E0FFF747FA02463B69D31ADD
:10A5A800642B01D9032303E1754B1B6803F4807303
:10A5B800002BF0D07B68DB68012B06D16F4B1B6A40
:10A5C8006E4A43F0010313622DE07B68DB68002BC1
:10A5D8000CD16A4B1B6A694A23F001031362674B6B
:10A5E8001B6A664A23F0040313621CE07B68DB687D
:10A5F800052B0CD1614B1B6A604A43F004031362BC
:10A608005E4B1B6A5D4A43F0010313620BE05B4B30
:10A618001B6A5A4A23F001031362584B1B6A574AB4
:10A6280023F0040313627B68DB68002B15D0FFF767
:10A63800FBF938610AE0FFF7F7F902463B69D31ADC
:10A6480041F28832934201D90323B1E04B4B1B6A94
:10A6580003F00203002BEED014E0FFF7E5F93861B0
:10A668000AE0FFF7E1F902463B69D31A41F2883262
:10A67800934201D903239BE0404B1B6A03F002037A
:10A68800002BEED1FB7D012B05D13C4BDB693B4A0E
:10A6980023F08053D3617B68DB69002B00F087804F
:10A6A800364B5B6803F00C03082B61D07B68DB69D1
:10A6B800022B46D1334B00221A60FFF7B5F93861F7
:10A6C80008E0FFF7B1F902463B69D31A022B01D91A
:10A6D80003236DE0294B1B6803F00073002BF0D1B6
:10A6E8007B681B6AB3F5803F08D1244B5B6823F471
:10A6F80000327B689B68214913434B601F4B5B68A2
:10A7080023F474127B68196A7B685B6A0B431B49E4
:10A7180013434B601B4B01221A60FFF785F9386120
:10A7280008E0FFF781F902463B69D31A022B01D9E9
:10A7380003233DE0114B1B6803F00073002BF0D09E
:10A7480035E0104B00221A60FFF76EF9386108E017
:10A75800FFF76AF902463B69D31A022B01D9032392
:10A7680026E0064B1B6803F00073002BF0D11EE0B7
:10A778007B68DB69012B07D1012319E00010024037
:10A7880000700040600042420B4B5B68FB60FB6856
:10A7980003F480327B681B6A9A4206D1FB6803F493
:10A7A80070127B685B6A9A4201D0012300E00023A3
:10A7B80018461837BD4680BD0010024080B584B0E9
:10A7C80000AF786039607B68002B01D10123D0E0AD
:10A7D8006A4B1B6803F007033A689A4210D9674B23
:10A7E8001B6823F0070265493B6813430B60634B02
:10A7F8001B6803F007033A689A4201D00123B8E0C6
:10A808007B681B6803F00203002B20D07B681B6861
:10A8180003F00403002B05D0594B5B68584A43F4F6
:10A82800E06353607B681B6803F00803002B05D0C6
:10A83800534B5B68524A43F460535360504B5B6818
:10A8480023F0F0027B689B684D4913434B607B689B
:10A858001B6803F00103002B40D07B685B68012B69
:10A8680007D1474B1B6803F40033002B15D1012394
:10A878007FE07B685B68022B07D1414B1B6803F0C4
:10A888000073002B09D1012373E03D4B1B6803F0D3
:10A898000203002B01D101236BE0394B5B6823F0E5
:10A8A80003027B685B68364913434B60FFF7BCF8CB
:10A8B800F8600AE0FFF7B8F80246FB68D31A41F2DD
:10A8C8008832934201D9032353E02D4B5B6803F090
:10A8D8000C027B685B689B009A42EBD1274B1B6894
:10A8E80003F007033A689A4210D2244B1B6823F0FE
:10A8F800070222493B6813430B60204B1B6803F097
:10A9080007033A689A4201D0012332E07B681B684A
:10A9180003F00403002B08D0194B5B6823F4E062B2
:10A928007B68DB68164913434B607B681B6803F040
:10A938000803002B09D0124B5B6823F460527B6834
:10A948001B69DB000E4913434B6000F021F80246F7
:10A958000B4B5B681B0903F00F030A49CB5C22FA17
:10A9680003F3094A1360094B1B681846FFF71AF8E6
:10A97800002318461037BD4680BD00BF00200240A6
:10A98800001002402C0B01080800002044000020A1
:10A9980080B487B000AF0023FB600023BB600023B6
:10A9A8007B6100237B6000233B611E4B5B68FB607F
:10A9B800FB6803F00C03042B02D0082B03D027E01C
:10A9C800194B3B6127E0FB689B0C03F00F03174A08
:10A9D800D35C7B60FB6803F48033002B10D0114BF1
:10A9E8005B685B0C03F00103114AD35CBB607B68B6
:10A9F8000D4A03FB02F2BB68B2FBF3F37B6104E090
:10AA08007B680C4A02FB03F37B617B693B6102E0D4
:10AA1800054B3B6100BF3B6918461C37BD4680BCEF
:10AA2800704700BF0010024000127A00440B010872
:10AA3800540B010800093D0080B400AF024B1B68AD
:10AA48001846BD4680BC70470800002080B500AF9E
:10AA5800FFF7F2FF0246054B5B681B0A03F007038A
:10AA68000349CB5C22FA03F3184680BD001002406C
:10AA78003C0B010880B500AFFFF7DEFF0246054B2F
:10AA88005B68DB0A03F007030349CB5C22FA03F394
:10AA9800184680BD001002403C0B010880B485B008
:10AAA80000AF78600A4B1B680A4AA2FB03235B0AC3
:10AAB8007A6802FB03F3FB6000BFFB685A1EFA606A
:10AAC800002BF9D100BF00BF1437BD4680BC7047CA
:10AAD80008000020D34D621080B582B000AF7860C6
:10AAE8007B68002B01D1012376E07B685B6A002B31
:10AAF80008D17B685B68B3F5827F09D07B68002248
:10AB0800DA6105E07B6800221A617B6800225A61DD
:10AB18007B6800229A627B6893F85130DBB2002B85
:10AB280006D17B68002283F850207868FDF734FC52
:10AB38007B68022283F851207B681B681A687B684F
:10AB48001B6822F040021A607B685B6803F482721B
:10AB58007B689B6803F404431A437B68DB6803F44F
:10AB680000631A437B681B6903F002031A437B687E
:10AB78005B6903F001031A437B689B6903F4007364
:10AB88001A437B68DB6903F038031A437B681B6A46
:10AB980003F0800342EA03017B689B6A03F40052D6
:10ABA8007B681B680A431A607B689B691A0C7B6880
:10ABB8001B6802F004025A607B681B68DA697B68CC
:10ABC8001B6822F40062DA617B6800225A657B68A0
:10ABD800012283F85120002318460837BD4680BD5E
:10ABE80080B582B000AF78607B68002B01D101236B
:10ABF80042E07B6893F84130DBB2002B06D17B68DA
:10AC0800002283F840207868FDF710FC7B68242236
:10AC180083F841207B681B68DA687B681B6822F42C
:10AC28000052DA60786800F063FD7B681B681A6977
:10AC38007B681B6822F490421A617B681B685A691A
:10AC48007B681B6822F02A025A617B681B68DA68F5
:10AC58007B681B6842F40052DA607B6800225A6401
:10AC68007B68202283F841207B68202283F84220D9
:10AC78007B6800225A63002318460837BD4680BD0A
:10AC880080B58AB002AFF860B9603B601346FB80BC
:10AC980000237B61FB6893F84130DBB2202B75D130
:10ACA800BB68002B02D0FB88002B01D101236EE08A
:10ACB800FB6800225A64FB68212283F84120FEF7D2
:10ACC800B3FE7861FB68FA889A84FB68FA88DA84AC
:10ACD800FB689B68B3F5805F08D1FB681B69002B94
:10ACE80004D10023FB61BB68BB6103E0BB68FB6167
:10ACF8000023BB612EE03B6800937B690022802122
:10AD0800F86800F001FB0346002B05D0FB68202201
:10AD180083F8412003233AE0FB69002B0BD1BB6980
:10AD28001B881A46FB681B68C2F308025A60BB6995
:10AD38000233BB6107E0FB691A78FB681B685A603D
:10AD4800FB690133FB61FB68DB8C9BB2013B9AB268
:10AD5800FB68DA84FB68DB8C9BB2002BCBD13B68A9
:10AD680000937B6900224021F86800F0CDFA034681
:10AD7800002B05D0FB68202283F84120032306E03E
:10AD8800FB68202283F84120002300E002231846B4
:10AD98002037BD4680BD000080B5BAB000AF7860EE
:10ADA8007B681B681B68C7F8E4307B681B68DB6836
:10ADB800C7F8E0307B681B685B69C7F8DC300023A4
:10ADC800C7F8D8300023C7F8D430D7F8E43003F0F8
:10ADD8000F03C7F8D830D7F8D830002B0FD1D7F8E1
:10ADE800E43003F02003002B09D0D7F8E03003F05B
:10ADF8002003002B03D0786800F0BCFB5BE2D7F897
:10AE0800D830002B00F0DE80D7F8DC3003F00103E7
:10AE1800002B06D1D7F8E03003F49073002B00F034
:10AE2800D180D7F8E43003F00103002B0BD0D7F81A
:10AE3800E03003F48073002B05D07B685B6C43F033
:10AE480001027B685A64D7F8E43003F00403002B4E
:10AE58000BD0D7F8DC3003F00103002B05D07B685A
:10AE68005B6C43F002027B685A64D7F8E43003F065
:10AE78000203002B0BD0D7F8DC3003F00103002BC2
:10AE880005D07B685B6C43F004027B685A64D7F892
:10AE9800E43003F00803002B11D0D7F8E03003F0BA
:10AEA8002003002B05D1D7F8DC3003F00103002B79
:10AEB80005D07B685B6C43F008027B685A647B684A
:10AEC8005B6C002B00F0F281D7F8E43003F020032C
:10AED800002B08D0D7F8E03003F02003002B02D075
:10AEE800786800F047FB7B681B685B6903F04003E8
:10AEF800002B14BF01230023DBB2C7F8D4307B68D2
:10AF08005B6C03F00803002B03D1D7F8D430002B77
:10AF18004FD0786800F051FA7B681B685B6903F0D2
:10AF28004003002B41D07B681B681433C7F89C3062
:10AF3800D7F89C3053E8003FC7F89830D7F89830D6
:10AF480023F04003C7F8D0307B681B681433D7F868
:10AF5800D020C7F8A820C7F8A430D7F8A410D7F88D
:10AF6800A82041E80023C7F8A030D7F8A030002B6C
:10AF7800D9D17B68DB6B002B13D07B68DB6B7E4AF7
:10AF88005A637B68DB6B1846FEF7E2FE0346002B2C
:10AF980016D07B68DB6B5B6B7A68D26B1046984780
:10AFA8000EE0786800F09CF90AE0786800F098F9FB
:10AFB80006E0786800F094F97B6800225A6475E12D
:10AFC80000BF73E17B681B6B012B40F04F81D7F802
:10AFD800E43003F01003002B00F04881D7F8E0308C
:10AFE80003F01003002B00F041810023BB607B6855
:10AFF8001B681B68BB607B681B685B68BB60BB68C1
:10B008007B681B685B6903F04003002B00F0B68087
:10B018007B68DB6B1B685B68A7F8BE30B7F8BE308F
:10B02800002B00F045817B689B8DB7F8BE209A42C3
:10B0380080F03E817B68B7F8BE20DA857B68DB6BE1
:10B048009B69202B00F088807B681B680C33C7F84D
:10B058008830D7F8883053E8003FC7F88430D7F8ED
:10B06800843023F48073C7F8B8307B681B680C33CE
:10B07800D7F8B820C7F89420C7F89030D7F89010C0
:10B08800D7F8942041E80023C7F88C30D7F88C30E3
:10B09800002BD9D17B681B6814337B677B6F53E81F
:10B0A800003F3B673B6F23F00103C7F8B4307B6870
:10B0B8001B681433D7F8B420C7F88020FB67F96FF2
:10B0C800D7F8802041E80023BB67BB6F002BE1D194
:10B0D8007B681B6814333B663B6E53E8003FFB6597
:10B0E800FB6D23F04003C7F8B0307B681B6814334E
:10B0F800D7F8B020FA66BB66B96EFA6E41E800234D
:10B108007B667B6E002BE3D17B68202283F842208C
:10B118007B6800221A637B681B680C33FB64FB6C3A
:10B1280053E8003FBB64BB6C23F01003C7F8AC3096
:10B138007B681B680C33D7F8AC20BA657B65796DE2
:10B14800BA6D41E800233B653B6D002BE3D17B687A
:10B15800DB6B1846FEF7C0FD7B6802225A637B68EA
:10B168009A8D7B68DB8D9BB2D31A9BB2194678689F
:10B1780000F0BFF89CE000BF87B400087B689A8D98
:10B188007B68DB8D9BB2D31AA7F8CE307B68DB8D4A
:10B198009BB2002B00F08E80B7F8CE30002B00F069
:10B1A80089807B681B680C33BB63BB6B53E8003F2B
:10B1B8007B637B6B23F49073C7F8C8307B681B688C
:10B1C8000C33D7F8C8207A643B64396C7A6C41E850
:10B1D8000023FB63FB6B002BE3D17B681B681433F4
:10B1E8007B627B6A53E8003F3B623B6A23F00103C2
:10B1F800C7F8C4307B681B681433D7F8C4203A6397
:10B20800FB62F96A3A6B41E80023BB62BB6A002B18
:10B21800E3D17B68202283F842207B6800221A63EE
:10B228007B681B680C333B613B6953E8003FFB605C
:10B23800FB6823F01003C7F8C0307B681B680C3329
:10B24800D7F8C020FA61BB61B969FA6941E80023FF
:10B258007B617B69002BE3D17B6802225A63B7F8D4
:10B26800CE301946786800F044F823E0D7F8E43087
:10B2780003F08003002B09D0D7F8E03003F08003F7
:10B28800002B03D0786800F00EF914E0D7F8E4300A
:10B2980003F04003002B0ED0D7F8E03003F0400352
:10B2A800002B08D0786800F04DF904E000BF02E0F8
:10B2B80000BF00E000BFE837BD4680BD80B483B062
:10B2C80000AF786000BF0C37BD4680BC704780B4C3
:10B2D80083B000AF786000BF0C37BD4680BC7047B4
:10B2E80080B483B000AF786000BF0C37BD4680BC27
:10B2F800704780B483B000AF78600B467B8000BF96
:10B308000C37BD4680BC704780B586B000AFF8608A
:10B31800B9603B601346FB713BE03B6AB3F1FF3F0A
:10B3280037D0FEF781FB02463B68D31A3A6A9A4245
:10B3380002D33B6A002B01D103233AE0FB681B6868
:10B34800DB6803F00403002B23D0BB68802B20D0DC
:10B35800BB68402B1DD0FB681B681B6803F0080303
:10B36800082B16D100237B61FB681B681B687B6177
:10B37800FB681B685B687B617B69F86800F01DF8F7
:10B38800FB6808225A64FB68002283F840200123E6
:10B398000FE0FB681B681A68BB681340BA689A42DA
:10B3A8000CBF01230023DBB21A46FB799A42B4D0C2
:10B3B800002318461837BD4680BD80B495B000AF4D
:10B3C80078607B681B680C337B637B6B53E8003FBA
:10B3D8003B633B6B23F49073FB647B681B680C3303
:10B3E800FA6C3A64FB63F96B3A6C41E80023BB637F
:10B3F800BB6B002BE5D17B681B6814333B623B6A4F
:10B4080053E8003FFB61FB6923F00103BB647B68E1
:10B418001B681433BA6CFA62BB62B96AFA6A41E80B
:10B4280000237B627B6A002BE5D17B681B6B012BB9
:10B4380019D17B681B680C33FB60FB6853E8003F3D
:10B44800BB60BB6823F010037B647B681B680C330C
:10B458007A6CBA617B617969BA6941E800233B611A
:10B468003B69002BE5D17B68202283F842207B686A
:10B4780000221A6300BF5437BD4680BC704780B5B0
:10B4880084B000AF78607B685B6AFB60FB68002271
:10B49800DA85FB680022DA84F868FFF721FF00BF2D
:10B4A8001037BD4680BD80B485B000AF78607B683A
:10B4B80093F84130DBB2212B3ED17B689B68B3F512
:10B4C800805F14D17B681B69002B10D17B681B6AD5
:10B4D800FB60FB681B881A467B681B68C2F308027E
:10B4E8005A607B681B6A9A1C7B681A6208E07B6852
:10B4F8001B6A591C7A6811621A787B681B685A6043
:10B508007B68DB8C9BB2013B9BB27A681946D1847D
:10B51800002B0FD17B681B68DA687B681B6822F0F8
:10B528008002DA607B681B68DA687B681B6842F017
:10B538004002DA60002300E0022318461437BD46B3
:10B5480080BC704780B582B000AF78607B681B68AC
:10B55800DA687B681B6822F04002DA607B68202288
:10B5680083F841207868FFF7A9FE002318460837BA
:10B57800BD4680BD80B58CB000AF78607B6893F81D
:10B588004230DBB2222B40F0AE807B689B68B3F57B
:10B59800805F17D17B681B69002B13D10023FB62E6
:10B5A8007B689B6ABB627B681B685B689BB2C3F362
:10B5B80008039AB2BB6A1A807B689B6A9A1C7B68EC
:10B5C8009A6226E07B689B6AFB620023BB627B6809
:10B5D8009B68B3F5805F07D07B689B68002B0AD116
:10B5E8007B681B69002B06D17B681B685B68DAB235
:10B5F800FB6A1A7008E07B681B685B68DBB203F0C3
:10B608007F03DAB2FB6A1A707B689B6A5A1C7B68F4
:10B618009A627B68DB8D9BB2013B9BB27A681946C4
:10B62800D185002B5DD17B681B68DA687B681B6855
:10B6380022F02002DA607B681B68DA687B681B6886
:10B6480022F48072DA607B681B685A697B681B6821
:10B6580022F001025A617B68202283F842207B682D
:10B6680000225A637B681B6B012B35D17B68002253
:10B678001A637B681B680C337B617B6953E8003F66
:10B688003B613B6923F010037B627B681B680C33CA
:10B698007A6A3A62FB61F9693A6A41E80023BB6158
:10B6A800BB69002BE5D17B681B681B6803F010039E
:10B6B800102B0AD10023FB607B681B681B68FB60AA
:10B6C8007B681B685B68FB60FB687B689B8D194621
:10B6D8007868FFF70EFE02E07868FFF7F8FD0023B0
:10B6E80002E0002300E0022318463037BD4680BD43
:10B6F80080B584B000AF78607B681B681B6923F451
:10B7080040517B68DA687B681B680A431A617B686A
:10B718009A687B681B691A437B685B691343BB6043
:10B728007B681B68DB6823F4B05323F00C037A684A
:10B738001268B9680B43D3607B681B685B6923F4A4
:10B7480040717B689A697B681B680A435A617B6809
:10B758001B682C4A934203D1FFF78CF9F86002E08A
:10B76800FFF774F9F860FA6813469B0013449A00CF
:10B778001A447B685B689B00B2FBF3F3224AA2FB86
:10B7880003235B091901FA6813469B0013449A00C6
:10B798001A447B685B689B00B2FBF3F21A4BA3FB6D
:10B7A80002035B09642000FB03F3D31A1B01323345
:10B7B800154AA2FB03235B0903F0F0031944FA6856
:10B7C80013469B0013449A001A447B685B689B00ED
:10B7D800B2FBF3F20C4BA3FB02035B09642000FBF2
:10B7E80003F3D31A1B013233074AA2FB03235B0975
:10B7F80003F00F027B681B680A449A6000BF103789
:10B80800BD4680BD003801401F85EB512DE9F04150
:10B818000F46904602F0B4F804460D46B8F1000F02
:10B8280011D0C7F30A53C3F16B03002B0BDD0024BF
:10B838001B0503F17F5505F5401522462B46F4F705
:10B84800BDFE04460D4620462946BDE8F0810000AD
:10B858002DE9F04F9FB0179200220C461A924FF034
:10B86800000A4FF0000B0A460590199211782B290F
:10B8780048D036D80D2930D8082930D8002939D0F1
:10B8880000220E92199D2A78302A40F0B0806A78FA
:10B8980002F0DF02582A6CD102930E9B8F4A019363
:10B8A8001AAB009305981BAB19A901F06BF910F0BE
:10B8B8000F06044605D0062E26D10023013519951A
:10B8C8000E93179B002B40F082850E9BBBB1504610
:10B8D8000BF100411FB0BDE8F08F2029D0D1013213
:10B8E800C3E72D29CCD101210E91511C1991527811
:10B8F800002AC7D1179B1994002B40F06685504643
:10B908005946E7E70021EFE71A9A3AB135211CA812
:10B9180002F026F91A99059801F006FD013E1B9AD6
:10B92800042E06D8DFE806F014031D201400DDE914
:10B938001CABE10548BF4BF0004B2BF000431B0D3F
:10B948001B05002BBDD101F027F822230360B8E7BF
:10B9580002F23342DDE91CA323F4801343EA025BBD
:10B96800E7E7DFF87CB1E4E76FF0004B4FF0FF3A10
:10B97800DFE7199B5A1C19925B78302BF9D0002B02
:10B988009FD0012300270A22B9460893199B0B97D9
:10B998000C9319980578A5F13003D9B2092928D94B
:10B9A8000122504900F08CFF002832D000202A469E
:10B9B80003464D460A90652A01D0452A14D11DB97F
:10B9C800089A024396D00025199C621C1992627845
:10B9D8002B2A7AD02D2A7ED04FF0000CA2F130010C
:10B9E800092940F2858019944FF00008A5E000234A
:10B9F800C8E7B9F1080FD8BF0B9900F10100D6BF0D
:10BA080002FB013302FB07370B9309F10109199077
:10BA1800BFE7199B5A1C19925A78B9F1000F3BD00D
:10BA28004D460A90A2F13003092B12D90123C2E72F
:10BA3800199B01305A1C19925A78302AF8D0A2F171
:10BA48003103082B00F2C8840A9000200546199B90
:10BA58000C93303A00F1010318D02E464FF00A0E2D
:10BA68000A9919440A91711CA1EB050C634515DC70
:10BA780020EAE0702B18082B05F1010505441ADCB3
:10BA88000A230B9903FB01230B930023199A1846E9
:10BA9800511C19915278C5E74846CEE7082E05DCB7
:10BAA8000B9E0EFB06F60B960E46DCE71029D8BF58
:10BAB8000EFB07F7F8E70F2BDCBF0A2303FB07276A
:10BAC800E3E700230A9301237AE74FF0000CA21C56
:10BAD8001992A27882E74FF0010CF8E7D00C010820
:10BAE8000000F07F560B0108199A511C19915278E1
:10BAF800302AF9D0A2F1310108293FF675AF4FF08D
:10BB08000A08303A0992199A0F92199A561C1996EE
:10BB18005278A2F1300EBEF1090F39D90F9944F6C7
:10BB28001F68761A082E03DC09998845A8BF88463D
:10BB3800BCF1000F01D0C8F10008002D4ED10899C2
:10BB480008437FF4BEAE002B7FF4D4AE692A28D018
:10BB580025DC492A25D04E2A7FF4CCAE994919A86C
:10BB680001F032FA00283FF4C5AE199B1B78282B48
:10BB78002ED195491CAA19A801F03AFA052827D10F
:10BB88001D9BDDF870A043F0FF4B4BF4E00B98E6EB
:10BB9800099908FB0121A1F130020992B5E76E2A43
:10BBA800DAE78A4919A801F00FFA00283FF4A2AE93
:10BBB800199B8749013B19A8199301F005FA10B997
:10BBC800199B013319934FF0000ADFF808B278E6A1
:10BBD800814800F01DFF82468B4672E60A9BB9F148
:10BBE800000F08BFA946A8EB0303102D0B982C469D
:10BBF8000993A8BF1024F4F767FC092D82468B46E9
:10BC080011DC099B002B3FF45CAE099B76DD162BFB
:10BC18005DDC7249524601EBC3015B46D1E9000184
:10BC2800F4F7CCFCD7E76D4B03EBC40353E91223BD
:10BC3800F4F7C4FC824638468B46F4F745FC0246C6
:10BC48000B4650465946F4F703FB0F2D82468B46A8
:10BC5800D7DD099B2C1B1C44002C40F3938014F067
:10BC68000F030AD05D49524601EBC301D1E9000137
:10BC78005B46F4F7A3FC82468B4634F00F0473D07E
:10BC8800B4F59A7F49DD0024A046A1460B942223EF
:10BC98004FF0000A059ADFF83CB113600B9B002BAC
:10BCA8003FF40FAE1A99059801F03EFB49460598F6
:10BCB80001F03AFB4146059801F036FB0B990598CF
:10BCC80001F032FB2146059801F02EFBF9E5099AAF
:10BCD800C5F125039342BCDB404CC5F10F0504EBCD
:10BCE800C5015246D1E900015B46F4F767FC099BA0
:10BCF8005D1B04EBC504D4E9002391E71633A8DBE8
:10BD08000A9B5046A3EB0808344B594603EBC80876
:10BD1800D8E90023F4F77CFD5DE700235046594637
:10BD28001E462F4F2411012C21DC0BB182468B4675
:10BD38002B49ABF1547B01EBC6015246D1E9000116
:10BD48005B46F4F73BFC234B0A460B4025498246E9
:10BD58008B4298D8A1F580118B4286BF4FF0FF3AED
:10BD6800DFF884B002F1547B0023089376E0E20701
:10BD780004D5D7E90023F4F721FC01230136641028
:10BD88000837D0E7F0D0644214F00F020AD0134B02
:10BD9800504603EBC2035946D3E90023F4F738FDB4
:10BDA80082468B462411DFD01F2C1FDD0024A046BD
:10BDB800A1460B942223059A4FF0000A4FF0000B7E
:10BDC80013606BE7610B0108BC0C0108580B0108F4
:10BDD8005B0B01080000F07FBB0C0108480E01084E
:10BDE800200E01080000A07CFFFFEF7F14F0100375
:10BDF80018BF6A235046089359460023774EE70731
:10BE080004D5D6E90023F4F7D9FB0123641006F121
:10BE18000806F4D10BB182468B46089BB3B1CBF32D
:10BE28000A52C2F16B03002B59460FDD1F2B58DD58
:10BE3800342BD8BF4FF0FF334FF0000ACFBF4FF07D
:10BE48005C7BC2F14B02934003EA010B0022002302
:10BE580050465946F4F71AFE0028A7D10B9B4A46CC
:10BE680000930C992B46059801F0C6FA0B90002810
:10BE78003FF409AF0024099A0A9B002AA3EB0803A0
:10BE8800A8BF0023A046129322EAE27316930B9BE5
:10BE98000598596801F008FA814600283FF4F7AE82
:10BEA8000B9B0C301A6903F10C010232920000F06E
:10BEB800A0FD1CAB01931BAB009352465B46059853
:10BEC800CDE90CAB01F0C4FD1A9000283FF4DFAEB9
:10BED8000121059801F026FB804648B94FF000087B
:10BEE800D5E64FF0FF3202FA03F303EA0A0AADE798
:10BEF8001B9D1C9A002DABBF129B169BEF185E1B57
:10BF0800089BA8BF169EA5EB03051544344B05F105
:10BF1800FF35B8BF129F9D42C2F1360250DA5B1B53
:10BF28001F2B4FF00101A2EB03023DDC01FA03F3E2
:10BF3800139300231093BD18089BAF4216441E4468
:10BF48003B46A8BF2B46B342A8BF3346002BC2BF0F
:10BF5800ED1AF61AFF1A129B002B16DD41461A46F7
:10BF6800059801F097FB80460028B7D001461A9A39
:10BF7800059801F0EDFA0A9000283FF488AE1A9966
:10BF8800059801F0D1F90A9B1A93002D1DDC099B35
:10BF9800002B27DD4946169A059801F07BFB814660
:10BFA80000BB4FF0000972E6C5F17F4505F57F0536
:10BFB80005F57B45E23501FA05F310931391BAE7CD
:10BFC8000023109301231393B5E72A461A9905987D
:10BFD80001F0BAFB1A900028D9D158E6E80C0108FC
:10BFE80002FCFFFF002E07DD49463246059801F0A6
:10BFF800ABFB81460028D4D0002F08DD41463A46E5
:10C00800059801F0A1FB804600283FF440AE4A465F
:10C018001A99059801F020FC044600283FF437AE31
:10C02800C36841460F930023C36001F0F9FB002861
:10C038003DDA0F9B53EA0A0363D1CBF31303002BBA
:10C048005FD12BF000431B0D1B05B3F1D66F58D9F8
:10C05800636913B92369012B53DD21460122059831
:10C0680001F072FB4146044601F0DAFB002848DD86
:10C078002BF00043089A1B0D1B05002A62D0B3F170
:10C08800D66F5FD8B3F15C7F7FF694AE50465946C1
:10C09800A34B0022F4F792FAA24B82460B408B4640
:10C0A800002B7FF4FFAD2223059A1360FAE5CDF843
:10C0B80028B065D10F9ACBF313035AB39A4A934227
:10C0C8002BD1089B514603B35A46964B1340B3F104
:10C0D800D46F4FF0FF321BD81B0DC3F16B0302FA6C
:10C0E80003F3994219D1914B0A9A9A4202D101312C
:10C0F8003FF4CDAD4FF0000A8A4B0A9A1A4002F578
:10C10800801B089B002BC1D1CCE54FF0FF33E8E73B
:10C118001346E6E753EA0A03AAD0109BDBB10A9A52
:10C128001342EED00F9B50465946089ABBB1FFF711
:10C138006DFB02460B46DDE90C01F4F789F88246EF
:10C148008B46DEE7A3F580136FEA135B4FF0FF3AE7
:10C158006FEA0B5BD5E7139B13EA0A0FE1E7FFF7DA
:10C1680055FB02460B46DDE90C01F4F76FF8002297
:10C17800002382468B46F4F789FC0028C1D019E6D3
:10C188004146204601F0BCFC00224FF080430646A1
:10C198000F46F4F78FFC00286DD00F9B002B78D149
:10C1A800BAF1000F56D10A9BC3F31303002B58D1E1
:10C1B8000022304639465E4BF4F772FC002857D10E
:10C1C8003046394600225B4BF4F7F8F906460F462D
:10C1D80007F1004306960793DDE90623514DCDE9A3
:10C1E80010230A9B1D40544B9D4240F0AB800A9B94
:10C1F8005046A3F1547B594601F0C2FBDDE9062302
:10C20800F4F7DCF952465B46F4F722F80B46454949
:10C218004A4A19409142824642D90D9A434B9A4262
:10C2280003D10C9B01333FF432AD4FF0FF3ADFF8F6
:10C23800FCB01A99059801F077F84946059801F07D
:10C2480073F84146059801F06FF82146059801F00A
:10C258006BF81CE6BAF1010F03D10A9B002B3FF4DF
:10C26800A9AD0022364B0026CDE90623304FB3E7AF
:10C278000026304FACE7304639462E4B0022F4F703
:10C288009DF90F9B06460F46002BA1D0CDE9066706
:10C29800A2E70022264B16461F46CDE906239BE758
:10C2A80003F1547B089BCDF828B0002BC1D12BF0AB
:10C2B80000431B0D1B059D42BBD130463946F4F7A0
:10C2C800CDFFF4F74DF902460B4630463946F3F7F1
:10C2D800BDFF0B460246CBF31306CDE90C230F9B9B
:10C2E80046EA0A061E436AD009A3D3E90023F4F7F5
:10C2F800D7FB00287FF4D6AC07A3D3E90023DDE9F8
:10C308000C01F4F7EBFB002893D0CBE4AFF30080EB
:10C318009535A094FFFFDF3F35E5AF350000E03FDE
:10C32800000050390000F07FFFFF0F00FFFFEF7F94
:10C338000000F03F0000E03F0000E07FFFFF9F7C2F
:10C348000000F0BF089B23B3B5F1D46F21D828A310
:10C35800D3E9002330463946F4F7ACFBA0B139469F
:10C368003046F4F7DBFB012838BF0120F4F7ACF8BE
:10C378000F9B06460F46FBB901F100431490159335
:10C38800DDE91423CDE91023119B03F1D6635B1B70
:10C398001193DDE90C01DDE910AB01F0F1FA024679
:10C3A8000B4650465946F4F709F9DDE90C23F3F733
:10C3B8004FFF82468B4675E7CDE91467E0E70EA389
:10C3C800D3E90023F4F76CFB9DE700230E93199B38
:10C3D800179A1360FFF779BA652A3FF472AB452ABA
:10C3E8003FF46FAB0123FFF7AABB00BFAFF3008098
:10C3F8000000C0FFFFFFDF419535A094FFFFCF3F4E
:10C408002DE9F843244D0A46244B01462868FFF7D6
:10C418001FFA02460B4606460F46F4F769FB68B159
:10C42800002F1F4806DA00F0F9FA00F10044204610
:10C43800BDE8F883BDE8F84300F0F0BA3946304665
:10C44800F4F78CFB20F00048044616494046F4F700
:10C45800A9FEB0B940461349F4F786FE88B927F01B
:10C4680000494FF0FF32304649460F4BF4F740FB86
:10C4780070B94FF0FF32304649460B4BF4F71AFBC0
:10C4880030B914F0FF4FD2D1084B3B40002BCED02F
:10C4980022222B681A60CAE7C40100205800002035
:10C4A800BB0C0108FFFF7F7FFFFFEF7F0000F07FDD
:10C4B800242B2DE9F0478646904601D8012B06D15A
:10C4C80000F06AFA162303600020BDE8F0870D46E5
:10C4D80033482A4615F8014B065D16F00806F8D1D0
:10C4E8002D2C10D101262C78951C33F0100215D173
:10C4F800302C0DD12A7802F0DF02582A08D16C7846
:10C50800023510230AE02B2C04BF2C78951CECE78D
:10C51800002BF6D1302C14BF0A230823002206F181
:10C52800004C0CF1FF3CBCFBF3F9104603FB19CAA5
:10C53800A4F13007092F0FD83C46A3421BDD571C36
:10C5480007D0814514D301D1A24511DB012200FB9C
:10C55800034015F8014BEBE7A4F14107192F01D867
:10C56800373CEAE7A4F16107192F04D8573CE4E700
:10C578004FF0FF32EDE7531C08D122236046CEF876
:10C588000030B8F1000FA0D0691E06E006B14042A5
:10C59800B8F1000F99D0002AF6D1C8F8001094E736
:10C5A800110D010813460A46014602480068FFF7C4
:10C5B8007FBF00BFC4010020002310B50446C0E9B6
:10C5C8000033C0E90433836081814366C28183619B
:10C5D800194608225C3000F05EF90D4B2462636254
:10C5E8000C4BA3620C4BE3620C4B23630C4B9C4239
:10C5F80006D003F16802944202D0D0339C4205D1A0
:10C6080004F15800BDE8104000F0F0B910BD00BFBB
:10C6180019C800083BC8000873C8000897C8000874
:10C62800BC480020024A0349034800F069B800BF2B
:10C638004C00002059E50008C801002041680C4B57
:10C6480010B59942044601D001F082FFA168094B58
:10C65800994202D0204601F07BFFE168064B9942DF
:10C6680004D02046BDE8104001F072BF10BD00BFE5
:10C67800BC480020244900208C49002010B50B4BF1
:10C688000B4C0C4A20461A6004210022FFF794FF45
:10C6980004F1680001220921FFF78EFF04F1D000A0
:10C6A8000222BDE810401221FFF786BFF44900209E
:10C6B800BC4800202DC60008014800F098B900BF0A
:10C6C800FD490020014800F093B900BFFD49002052
:10C6D80010B50446FFF7F0FF236A1BB1BDE8104010
:10C6E800FFF7F0BF044B2362044B1B68002BF5D106
:10C6F800FFF7C4FFF2E700BF45C60008F449002071
:10C708002DE9F8430746884614460026D4E90195E2
:10C71800B9F1010905D52468002CF7D13046BDE8E8
:10C72800F883AB89012B07D9B5F90E30013303D053
:10C7380029463846C04706436835E9E70FB407B5C8
:10C74800064904AB086853F8042B8168019301F08B
:10C75800D7FB03B05DF804EB04B07047C4010020B8
:10C768000CB430B5184B0C1E1D689DB008DA8B232D
:10C778004FF0FF302B601DB0BDE8304002B070476D
:10C788004FF40273ADF814304FF000031B930CBF45
:10C79800234604F1FF33049307934FF6FF73029087
:10C7A8000690ADF81630284621AB209A02A90193CD
:10C7B80001F082FA431CBCBF8B232B60002CDAD01B
:10C7C8000022029B1A70D6E7C40100200EB46FF055
:10C7D800004110B500249DB01FAB02900690079150
:10C7E80004910948094953F8042B0591006802A9E6
:10C7F80001931B9401F060FA029B1C701DB0BDE808
:10C80800104003B0704700BFC40100200802FFFFBA
:10C8180010B50C46B1F90E1000F09AF80028ABBF1D
:10C82800636DA3891B1823F48053ACBF6365A38190
:10C8380010BD2DE9F0411F468B890546DB050C46E6
:10C84800164605D502230022B1F90E1000F06EF845
:10C85800A389324623F48053A38128463B46B4F982
:10C868000E10BDE8F04100F085B810B50C46B1F9DE
:10C878000E1000F05BF8431CA38915BF606523F414
:10C88800805343F48053A38118BFA38110BDB1F92D
:10C898000E1000F03BB803460244934200D17047A3
:10C8A80003F8011BF9E70346C9B2184613F8012B30
:10C8B80012B18A42F9D17047002918BF0020704789
:10C8C80010B56AB10139841810F8012B11F8013F2D
:10C8D8009A4203D1A04201D0002AF5D1D01A10BD46
:10C8E8001046FCE7034610B5013932B111F8014F83
:10C8F800013A03F8014B002CF7D100211A44934266
:10C9080000D110BD03F8011BF9E7000038B500237A
:10C91800054D044608462B60FBF7E6FE431C02D192
:10C928002B6803B1236038BDF849002038B50446A8
:10C93800084611460022054D2A601A46FBF7F8FE04
:10C94800431C02D12B6803B1236038BDF84900208D
:10C9580038B50446084611460022054D2A601A4695
:10C96800FBF789FE431C02D12B6803B1236038BD55
:10C97800F849002038B50446084611460022054DFE
:10C988002A601A46FBF794FE431C02D12B6803B1B8
:10C99800236038BDF8490020014B1868704700BF74
:10C9A800C401002070B500260C4D0D4C641BA4106A
:10C9B800A64209D102F02CFB00260A4D0A4C641B42
:10C9C800A410A64205D170BD55F8043B984701361E
:10C9D800EEE755F8043B98470136F2E7680F01087F
:10C9E800680F0108680F01086C0F0108704770474D
:10C9F80070470A44914200F1FF3300D1704710B5E7
:10CA080011F8014B914203F8014FF9D110BD000014
:10CA180000200149704700BF0000F87F00487047B8
:10CA28000000C07F38B50546002940D051F8043CC5
:10CA38000C1F002BB8BFE41800F02AFC1C4A13682E
:10CA480033B9636014602846BDE8384000F026BC5E
:10CA5800A34208D9206821188B4201BF19685B6876
:10CA680009182160EDE71A465B680BB1A342FAD9B1
:10CA780011685018A0420BD1206801445018834215
:10CA88001160E0D118685B68084410605360DAE709
:10CA980002D90C232B60D6E7206821188B4201BFEE
:10CAA80019685B680918216063605460CBE738BD7A
:10CAB800044A002003692DE9F043B3EB611F00F13C
:10CAC80014044FEA611246DD11F01F0104EB8306DE
:10CAD80004EB82050CD1294600F11007B14235D389
:10CAE8009B1A9B00EA1E964238BF0023234415E098
:10CAF800A14654F82270C1F12008CF4005F1040E78
:10CB08007645F44616D89A1A9200043A0135AE4290
:10CB180038BF0022A318A75007B10433A342A3EBE0
:10CB2800040208BF00234FEAA202026108BF436162
:10CB3800BDE8F083DCF800C00CFA08FC4CEA0707F3
:10CB480049F8047B5EF8047BCF40D9E751F804CB61
:10CB580047F804CFC2E72346E0E7A0F13003092BEA
:10CB680002D82038C0B27047A0F16103052B01D864
:10CB78004738F7E7A0F14103052B01D82738F1E73B
:10CB8800002070472DE9F04F8A46904685B0029301
:10CB98000B6801909C1CA14614F8010B3028FAD0B0
:10CBA800A9EB0303A3F1020BFFF7D7FF0546002803
:10CBB80068D1012248469F49FFF782FE07460028B0
:10CBC80067D199F801002646FFF7C7FF002862D011
:10CBD800234618789946302803F10103F9D0FFF766
:10CBE800BCFFB0FA80F54FF0010B6D094A461646B6
:10CBF80030780132FFF7B1FF0028F8D10122304622
:10CC08008C49FFF75DFE00283FD144B9741C2246C9
:10CC1800164630780132FFF7A0FF0028F8D1A41B90
:10CC2800A700337803F0DF03502B3ED173782B2B0A
:10CC380033D02D2B34D00024711C0878FFF78DFFDA
:10CC4800431EDBB2182B30D8A0F1100211F8010FE7
:10CC5800FFF783FF00F1FF3C5FFA8CFCBCF1180F73
:10CC68004FF00A031ED904B152421744CAF8001003
:10CC7800EDB1BBF1000F0CBF06250025284605B015
:10CC8800BDE8F08F00252C46B0E7002CC7D1274619
:10CC9800C7E74E462F460125C3E70024B11CCCE761
:10CCA8000124FBE703FB0200CEE73146DEE7294615
:10CCB800A6EB0903013B072B0ADC019800F0F4FA04
:10CCC800044640B90246E4215B4B5C4801F034FD60
:10CCD80001315B10EFE7002300F1140A55469B462B
:10CCE800B14537D345F804BBA5EB0A05AD1025615E
:10CCF800584600F0CBFB6D01D8F800602D1AB542FC
:10CD080054DDAD1B2946204600F04DFF814678B121
:10CD18004FF001096B1E59115AF8211003F01F0238
:10CD280009FA02F20A4203D04B4536DC4FF00209F9
:10CD380029462046FFF7BEFE2F44D8F80830BB42EC
:10CD480042DA2146019800F0EFFA00230E9AA32553
:10CD5800136093E716F8012D2E2A12D0202B04D148
:10CD680045F804BB4FF0000B5B4630780393FFF7A0
:10CD7800F4FE039B00F00F0098404BEA000B0433CD
:10CD8800AEE7B145EAD8012230462A490393FFF7B6
:10CD980097FD039B0028E1D1A2E72046A91E00F0D9
:10CDA80002FF0028C2D04FF00309C1E709DA751B5A
:10CDB80021462A46019800F0C7FC04467F1B00F173
:10CDC800140A4FF00009B8E7D8F80450BD426FDDE7
:10CDD800ED1BAE4234DCD8F80C30022B22D0032BEA
:10CDE80024D0012B15D1AE4213D1012E0BD1D8F886
:10CDF8000430029A6225136001232361CAF80030C7
:10CE08000E9B1C603AE72046711E00F0CCFE0028FD
:10CE1800EDD12146019800F087FA00230E9A50259B
:10CE280013602BE70F9B002BF3D1E0E70F9B002B40
:10CE3800DDD1EEE7560B01086C0B01087D0B0108EC
:10CE48006F1EB9F1000F30D127B13946204600F0E6
:10CE5800AAFE814601232946761B02257A115AF833
:10CE6800222007F01F07BB401342204618BF49F095
:10CE78000209FFF71FFED8F80470B9F1000F47D078
:10CE8800D8F80C30022B15D0032B17D0012B09D161
:10CE980019F0020F06D0DAF8003049EA030919F050
:10CEA800010F0ED145F0100532E04FF00109D1E72E
:10CEB8000125E2E70F9BC3F101030F930F9B002BA2
:10CEC800F0D04FF0000CD4F810B004F114034FEA7E
:10CED8008B0A03EB8B01184653F8042BB2F1FF3F82
:10CEE8001BD001320260022D04F114033CD1D8F8A2
:10CEF8000020013AB24209D10122711153F82130C0
:10CF080006F01F0602FA06F61E423AD145F0200541
:10CF18000E9B1C60029B1F60B0E6994243F804CC4C
:10CF2800D9D8A3689B4517DB61680198013100F0E7
:10CF3800BBF9814618B902468421194BC5E6226916
:10CF480004F10C01023292000C30FFF752FD214629
:10CF5800019800F0E9F94C4623695A1C2261012224
:10CF680004EB83035A61BEE722695A450BDD0121B0
:10CF78002046FFF79FFDD8F808300137BB42FFF67F
:10CF8800E0AE0125C2E716F01F06FAD0534453F865
:10CF9800040C00F07BFAC6F12006B042E7DBF0E7AC
:10CFA8006C0B0108C2F10802920070B5C2F12006AC
:10CFB8004368046803FA06F52C43D340046040F83C
:10CFC800043F8842F4D370BD30B50368013311F8CB
:10CFD800014B14B90360012030BD13F8012BA2F1F5
:10CFE8004105192D98BF2032A242F0D00020F3E766
:10CFF8002DE9F04F00250B6882465E1102EB86068C
:10D0080013F01F0318BF0436371F9046B9463C4635
:10D01800AB4687B00168019346F8045C02954A78EC
:10D028004B1C039342B3104605910492FFF795FDFC
:10D03800002851D1049A0599202A18D8029B9B45AB
:10D0480013DD4C4506D2072D04DC2A464946204606
:10D05800FFF7A8FF444552D90023A4F1040944F876
:10D06800043C1D464C46CDF808B00399D7E7292A59
:10D0780057D10231CAF80010BBF1000F51D04C450E
:10D0880006D2072D04DC2A4649462046FFF78AFFC8
:10D09800444536D92346A8F1040253F8041B9F429D
:10D0A80042F8041FF9D23B1B23F003030433013475
:10D0B800033EB44288BF04230022434443F8042BB0
:10D0C8009F42FBD23B681BB9474528D101233B60EF
:10D0D800052007B0BDE8F08F0135082D0BF1010BD5
:10D0E80006DD4445C1D90023012544F8043C043C2D
:10D0F800226800F00F0040EA02102060B5E708251A
:10D10800B3E7019B002BDDD04FF0FF32C3F12003C2
:10D11800DA4056F8043C134046F8043CD2E7043F92
:10D12800D0E70420D5E7000070B50F4E0C463168F3
:10D13800054611B901F0E2FA30602146284601F0AF
:10D14800DDFA431C03D14FF0FF34204670BDC41CE8
:10D1580024F00304A042F8D0211A284601F0CEFAA0
:10D168000130F2D1EFE700BF004A00202DE9F84373
:10D17800CD1C25F0030508350C2D38BF0C25002DD6
:10D18800064601DBA94204D90C2333600020BDE820
:10D19800F883DFF8D48000F07BF8D8F800301C461C
:10D1A80044BB29463046FFF7BFFF431C044658D10D
:10D1B800D8F800402746002F43D1002C4BD02368D5
:10D1C8003946304604EB030901F098FA814542D10B
:10D1D800216830466D1A2946FFF7A6FF01303AD07C
:10D1E80023682B442360D8F800305A6862BBC8F81B
:10D1F80000700FE02268521B20D40B2A17D961193E
:10D20800A342256018BF5960636808BFC8F80010BA
:10D2180062514B60304600F041F804F10B00231DC9
:10D2280020F00700C21A1CBF1B1AA350AFE76268A0
:10D23800A3420CBFC8F800205A60EBE72346646895
:10D24800AEE73C467F68B6E71A465B68A342FBD167
:10D2580000235360DEE70C233046336000F01EF8ED
:10D2680094E70560D6E700BF044A002082B001B900
:10D2780001A942B14BB113780B601278101E18BF88
:10D28800012002B070471046FBE76FF00100F8E795
:10D298000148FFF7ACBB00BFFC4900200148FFF77D
:10D2A800A7BB00BFFC49002070B5C66904460D46FF
:10D2B80076B9102001F072FA0246E06120B96B21BC
:10D2C800174B184801F038FAC0E901660660C660D5
:10D2D800E669F36883B1E369DB6853F82500B8B9F8
:10D2E800012101FA05F6721D2046920001F042FA6A
:10D2F80060B1C0E901560EE021220421204601F068
:10D3080039FAE369F060DB68002BE4D1002070BDD6
:10D31800026843F825200023C0E90333F7E700BF7C
:10D32800DD0B0108F40B010870B5C66905460C460B
:10D3380076B9102001F032FA0246E86120B98F214F
:10D34800084B094801F0F8F9C0E901660660C660B3
:10D358003CB1EB696268DB6853F82210216043F83E
:10D36800224070BDDD0B0108F40B01082DE9F041E6
:10D3780007460C461E4600200D6901F1140CDCF826
:10D388000030013099B202FB01611E0C0B0C02FB4C
:10D39800063389B201EB034185424FEA13464CF844
:10D3A800041BECDC0EB3A368AB4219DC6168384699
:10D3B8000131FFF779FF804628B90246BA210C4BA4
:10D3C8000C4801F0B9F9226904F10C01023292000B
:10D3D8000C30FFF70EFB21463846FFF7A5FF444601
:10D3E80004EB850301355E6125612046BDE8F081C7
:10D3F8006C0B0108F40B01082DE9F84315460922C6
:10D408001F4608330C4693FBF2F30646012200211F
:10D418009A4209DB3046FFF747FF40B90246D3215D
:10D42800184B194801F088F952000131F0E7089BC0
:10D43800092D43614FF00103036116DD04F1090969
:10D44800C8462C4418F8013B01460A223046303BB6
:10D45800FFF78CFFA045F5D1A5F108044C442D1B1E
:10D468006319BB4204DBBDE8F88309250A34F6E7F3
:10D4780014F8013B01460A223046303BFFF776FF9D
:10D48800EEE700BF6C0B0108F40B01080346B0F58A
:10D49800803F3ABF030410200020B3F1807F3CBFD7
:10D4A8001B020830B3F1805F3CBF1B010430B3F1AD
:10D4B800804F3CBF9B000230002B05DB13F0804FF0
:10D4C80000F1010008BF202070470368024613F0EE
:10D4D80007000BD0D90721D4980749BF5B089B08E0
:10D4E800012013605CBF02201360704799B209B92C
:10D4F80010201B0CD9B209B908301B0A190704BF40
:10D508001B090430990704BF9B080230D90703D4CC
:10D518005B0800F1010003D01360704700207047DA
:10D528002020704710B50C460121FFF7BDFE0246CA
:10D5380028B940F24511044B044801F0FDF80123D5
:10D548004461036110BD00BF6C0B0108F40B0108B6
:10D558002DE9F04F17460A693B6989469A42A2BFEE
:10D568003B460F4699463D69D9F810A0BB687968D3
:10D5780005EB0A06B34285B0B8BF0131FFF794FE48
:10D5880030B902464FF4B171404B414801F0D4F82C
:10D5980000F114042346002204EB860E734520D3C1
:10D5A80007F1140809F1140108EB850501EB8A035A
:10D5B8000293EB1B153B23F0030304331537BD42DD
:10D5C80038BF04230193029B03918B420CD8002E91
:10D5D80003DD5EF8043D002B55D0066105B0BDE8BB
:10D5E800F08F43F8042BD9E7B1F800A0BAF1000F87
:10D5F8001FD0C446A14600275CF8042BD9F8003098
:10D608001FFA82FB9BB20AFB0B333B44D9F800702C
:10D61800120C3F0C0AFB027202EB13429BB243EA64
:10D62800024365454FEA124749F8043BE4D8019B99
:10D63800E750039B0431B3F80290B9F1000F20D0F2
:10D648004746A4464FF0000A2368B7F800B0BCF874
:10D6580002209BB209FB0B22524443EA02434CF8D6
:10D66800043B57F8043B4FEA134ABCF80030BD426C
:10D6780009FB0A3303EB12434FEA134AE5D8019A30
:10D68800A35004349FE7013EA1E700BF6C0B0108DB
:10D69800F40B01082DE9F843154612F0030207467A
:10D6A8000E4607D0254C013A002354F82220FFF7F4
:10D6B8005DFE0646AD103DD0FC697CB9102001F036
:10D6C8006DF80246F86128B940F2B3111C4B1D48A9
:10D6D80001F032F8C0E901440460C460D7F81C8046
:10D6E800D8F808404CB940F271213846FFF71AFFC4
:10D6F80000230446C8F8080003604FF00009EB0750
:10D708000AD5314622463846FFF722FF8046314681
:10D718003846FFF709FE46466D100BD0206838B929
:10D72800224621463846FFF713FF2060C0F80090D4
:10D738000446E4E73046BDE8F88300BF140E01084C
:10D74800DD0B0108F40B01082DE9F0470C460746EC
:10D7580091462369496803EB6218A3684FEA621A85
:10D7680008F10106B3420BDB3846FFF79DFD05467D
:10D7780048B902464FF4EF71274B284800F0DCFF08
:10D7880001315B00EEE7002300F1140100F1100203
:10D798001846534533DB20692AEAEA7A04F1140370
:10D7A80019F01F0901EB8A0103EB800C2BD08A4684
:10D7B8000022C9F1200E186800FA09F010434AF84F
:10D7C800040B53F8042B9C4522FA0EF2F3D8ACEB69
:10D7D8000403153B23F00303043304F115006045EB
:10D7E80088BF0423CA500AB108F10206013E384630
:10D7F80021462E61FFF798FD2846BDE8F08742F8DC
:10D80800040F0133C5E7043953F8042B9C4541F84C
:10D81800042FF9D8EAE700BF6C0B0108F40B0108E4
:10D8280003460A69006930B5801A0ED114331431E1
:10D8380003EB820401EB820154F8045D51F8042DD6
:10D84800954203D005D24FF0FF3030BDA342F3D349
:10D85800FBE70120F9E700002DE9F74F8946064666
:10D86800114648461446FFF7DBFF051E12D129462C
:10D878003046FFF719FD024628B940F237213E4BE2
:10D888003E4800F059FF0123C0E90435104603B0B3
:10D89800BDE8F08FBCBF4B46A1463046D9F804100E
:10D8A800BABF1C4601250025FFF7FEFC024618B941
:10D8B80040F24521304BE3E700F1140BD9F8107022
:10D8C80009F11003C5604FF0000C09F11405D946A1
:10D8D800266904F1140E05EB87080EEB8606019302
:10D8E800019B5EF8040B53F804AF81B201931FFA51
:10D8F8008AF35B1A000C6344C0EB1A4000EB234028
:10D908009BB243EA004376454FEA204C49F8043B72
:10D91800E6D8331B153B23F0030315340433A64222
:10D9280038BF04231D445B441E462C4644450ED391
:10D9380008F10301491B21F00301033DA84538BF45
:10D9480000210B4453F8041D99B117619EE7E64680
:10D9580054F8041B1FFA81FCF444080C714400EBD2
:10D968002C4089B241EA00414FEA204C46F8041B9A
:10D97800DCE7013FE6E700BF6C0B0108F40B010888
:10D988000E4B0B40A3F15073002B08DC5B42B3F144
:10D99800A07F4FEA235204DA4FF4002313410022F8
:10D9A80008E0A2F114031E2BD6BF4FF0004201225B
:10D9B800DA40002319461046704700BF0000F07F88
:10D9C8000269F8B500F1140606EB820252F8044C1D
:10D9D8001E4F2046FFF75AFD0346C0F120000A2BD0
:10D9E800A2F10405086012DCAE422CBF002252F8F6
:10D9F800082CC3F10B0C153324FA0CFE04FA03F3BC
:10DA080022FA0CF24EEA07011A431046F8BDAE425C
:10DA180036BFA2F10805002252F8082C0B3B12D0A1
:10DA2800C3F1200722FA07F19C400C43B54244F0A9
:10DA38007F5194BF002455F8044C9A40FC4041F4AF
:10DA480040112243E1E744EA0701DEE70000F03F26
:10DA58002DE97343012190469946089EFFF724FC5F
:10DA6800044630B9024640F20F31234B234800F0F8
:10DA780063FEC9F30A55C9F313030DB143F48013C8
:10DA88000193B8F1000324D068460093FFF71DFD09
:10DA9800DDE90012D8B1C0F1200302FA03F30B4309
:10DAA800C24063610192019B002B0CBF012202223C
:10DAB800A3612261ADB1A5F2334505443560C0F1DB
:10DAC8003500099B1860204602B0BDE8708361618B
:10DAD800E9E701A8FFF7F9FC019B01226361203007
:10DAE800E7E7A0F2324004EB820330601869FFF7E1
:10DAF800CDFCC0EB4210E4E76C0B0108F40B010805
:10DB08002DE9F04F85B0CDE9001002A9FFF758FFC5
:10DB18008B4606460F46009803A9FFF751FF0D46AE
:10DB2800019B89461969009B04461B693046C91A3E
:10DB3800DDE902329B1A03EB4113002BCDBF3A46B5
:10DB48002A46C3EB033302EB035BD8BF02EB03594E
:10DB58004B4622465946F2F75BFE05B0BDE8F08F0A
:10DB6800013970B549111469013102F1140300EB50
:10DB7800810103EB8404051FA3420CD3A31A113BB4
:10DB880023F003031132A24288BF00231844002364
:10DB9800884205D370BD53F8046B45F8046FEBE772
:10DBA80040F8043BF4E700F1140200694B11984275
:10DBB80010B511DB0ADD11F01F0107D052F8234020
:10DBC80024FA01F000FA01F18C420BD102EB830335
:10DBD800934203D8002010BD0346F7E753F8041D0D
:10DBE8000029F5D00120F6E70346084641B1FF2A8F
:10DBF80004D98A224FF0FF301A60704701200A705A
:10DC080070472DE9F0471F468E688246BE420C4693
:10DC180090460B682DD8B1F90C2012F4906F26D0DD
:10DC28006569096905EB4505A3EB010905EBD575A0
:10DC38007B1C4B446D109D4238BF1D46530527D5AC
:10DC48002946FFF793FA064660B34A462169FEF76C
:10DC5800D0FEA38923F4906343F08003A381266157
:10DC68004E4426603E466561A5EB0905A560BE42A7
:10DC780000D93E4632464146206800F025FD002086
:10DC8800A3689B1BA360236833442360BDE8F08727
:10DC98002A4600F08BFD06460028E0D1504621694F
:10DCA800FEF7C0FE0C23CAF80030A3894FF0FF30FE
:10DCB80043F04003A381E9E72DE9F04F98468B89AB
:10DCC80007461B060D4614469DB010D50B6973B95F
:10DCD8004021FFF74BFA2860286130B90C233B60DC
:10DCE8004FF0FF301DB0BDE8F08F40236B6100237B
:10DCF800099320238DF8293030234FF00109CDF8FE
:10DD08000C80DFF898818DF82A3023469A4613F85C
:10DD1800012B0AB1252AF9D1BAEB040B0BD05B46CB
:10DD2800224629463846FFF76CFF013000F0A780ED
:10DD3800099A5A4409929AF80030002B00F09F8003
:10DD480000234FF0FF32CDE905230AF1010A0493BD
:10DD580007938DF853301A935446052214F8011B83
:10DD68004E4800F0DBFC049AD8B9D00644BF202303
:10DD78008DF85330110744BF2B238DF853309AF890
:10DD880000302A2B15D0544600204FF00A0C079A71
:10DD9800214611F8013B303B092B4BD9B0B1079212
:10DDA80014E0A0EB080309FA03F31343A246049313
:10DDB800D2E7039B191D1B680391002BBBBF5B4275
:10DDC80042F0020207930793B8BF049223782E2BE0
:10DDD8000AD163782A2B32D1039B02341A1D1B689F
:10DDE800039243EAE3730593DFF8B4A00322504695
:10DDF800217800F093FC38B14022049BA0EB0A0084
:10DE0800824013430134049314F8011B0622254869
:10DE18008DF8281000F082FC002836D0224B1BBB5E
:10DE2800039B073323F0070308330393099B334409
:10DE380009936AE70C4601200CFB0232A8E700238D
:10DE48004FF00A0C194601340593204610F8012BAF
:10DE5800303A092A03D9002BC6D00591C4E70446F5
:10DE680001230CFB0121F0E703AB00932A46384657
:10DE78000E4B04A9AFF30080421C0646D6D1AB89ED
:10DE88005B063FF52DAF09982CE703AB00932A46B4
:10DE98003846064B04A900F0BDF9EDE74D0C010822
:10DEA800530C0108570C0108000000000BDC0008A7
:10DEB800936810B4013B002B936007DA9469A3427E
:10DEC80001DB0A2902D110BC00F06ABB1368581C98
:10DED80010601970084610BC7047F8B506460F4622
:10DEE8001446D518AC4201D1002007E03A46304626
:10DEF80014F8011BFFF7DCFF431CF3D1F8BD000049
:10DF08002DE9F04F0D461446984606469DB018B1C7
:10DF1800036A0BB9FEF7DCFB6B6ED90705D4AB8936
:10DF28009A0502D4A86DFEF762FDAB891B0701D5DF
:10DF38002B699BB92946304600F070FB70B16B6EB7
:10DF4800DC0704D54FF0FF301DB0BDE8F08FAB897A
:10DF58009805F7D4A86DFEF74BFDF3E70023099366
:10DF680020238DF8293030234FF00109CDF80C809B
:10DF7800DFF8A8818DF82A3023469A4613F8012B3A
:10DF88000AB1252AF9D1BAEB040B0BD05B4622461D
:10DF980029463046FFF7A1FF013000F0A780099A13
:10DFA8005A4409929AF80030002B00F09F80002311
:10DFB8004FF0FF32CDE905230AF1010A04930793D4
:10DFC8008DF853301A935446052214F8011B534810
:10DFD80000F0A4FB049AD8B9D10644BF20238DF8D9
:10DFE8005330130744BF2B238DF853309AF8003071
:10DFF8002A2B15D0544600204FF00A0C079A2146C8
:10E0080011F8013B303B092B4BD9B0B1079214E012
:10E01800A0EB080309FA03F31343A2460493D2E7DB
:10E02800039B191D1B680391002BBBBF5B4242F089
:10E03800020207930793B8BF049223782E2B0AD1C4
:10E0480063782A2B32D1039B02341A1D1B68039272
:10E0580043EAE3730593DFF8C8A00322504621780A
:10E0680000F05CFB38B14022049BA0EB0A00824020
:10E0780013430134049314F8011B062229488DF830
:10E08800281000F04BFB00283FD0274B1BBB039BFD
:10E09800073323F0070308330393099B3B44099391
:10E0A8006AE70C4601200CFB0232A8E700234FF078
:10E0B8000A0C194601340593204610F8012B303A12
:10E0C800092A03D9002BC6D00591C4E704460123C9
:10E0D8000CFB0121F0E703AB00932A463046134BB3
:10E0E80004A9AFF300800746781CD6D16B6ED90718
:10E0F80005D4AB899A0502D4A86DFEF779FCAB89E3
:10E108005B063FF51FAF09981EE703AB00932A464D
:10E118003046064B04A900F07DF8E4E74D0C0108F1
:10E12800530C0108570C010800000000E3DE00084A
:10E138002DE9F047164698468A680B6907469342C8
:10E14800B8BF1346336091F843200C46DDF82090A1
:10E158000AB1013333602368990642BF336802333A
:10E168003360256815F0060506D104F1190AE3683D
:10E1780032689B1AAB422BDC94F843302268003B90
:10E1880018BF0123920630D44146384604F14302B1
:10E19800C847013023D02368226903F00603042B03
:10E1A80014BF002533684FF0000608BFE56804F186
:10E1B8001A0408BFED1A54F8123C08BF25EAE575A1
:10E1C8009342C4BF9B1AED18B5421AD1002008E04B
:10E1D8000123524641463846C847013003D14FF023
:10E1E800FF30BDE8F0870135C1E73020E11881F83C
:10E1F80043005A1C94F845102244023382F8431015
:10E20800C2E70123224641463846C8470130E6D0D6
:10E218000136D9E72DE9FF470F7E9146782F8046D2
:10E228000C469A460C9E01F1430207D8622F0AD881
:10E23800002F00F0D180582F00F0B88004F142067A
:10E2480084F842703AE0A7F16303152BF6D801A1D0
:10E2580051F823F0B5E20008C9E2000845E20008D9
:10E2680045E2000845E2000845E20008C9E2000866
:10E2780045E2000845E2000845E2000845E20008DA
:10E28800C7E30008F3E2000881E3000845E200085C
:10E2980045E20008E9E3000845E20008F3E2000867
:10E2A80045E2000845E2000889E3000833681A1DC2
:10E2B8001B68326004F1420684F8423001239CE076
:10E2C80033682068191D3160060601D51D6803E012
:10E2D8004506FBD5B3F90050002D03DA2D236D4216
:10E2E80084F843300A23584811E021683368080647
:10E2F80053F8045B02D4490648BFADB26F2F3360B0
:10E3080014BF0A2308235048002184F84310666884
:10E31800002EA66005DB21682E4321F00401216050
:10E328004BD01646B5FBF3F103FB1157C75D06F852
:10E33800017D2F46BB420D46F4D9082B0BD123682B
:10E34800DF0708D5236961689942DEBF302306F8E4
:10E35800013C06F1FF36921B22614B46214640469E
:10E36800CDF800A003AAFFF7E3FE01304AD14FF031
:10E37800FF3004B0BDE8F087236843F02003236032
:10E388007827324884F84570236831681F0651F8A9
:10E39800045B02D45F0648BFADB23160D90744BF01
:10E3A80043F0200323601DB11023ADE72648E9E7B9
:10E3B800236823F020032360F6E71646BDE7336899
:10E3C8002568181D616930602E061B6801D5196023
:10E3D80002E06806FBD51980002316462361BCE7D6
:10E3E800336800211A1D32601E686268304600F0EA
:10E3F80095F908B1801B606063682361002384F885
:10E408004330AAE73246494640462369D04701309F
:10E41800ADD023689B0713D4E068039B9842B8BF2C
:10E428001846A6E70123324649464046D047013000
:10E438009DD00135E36803995B1AAB42F2DCEBE748
:10E44800002504F11906F5E75E0C01086F0C0108B8
:10E45800B1F90C20F8B5160705460C4654D44B689C
:10E46800002B02DC0B6C002B48DDE66A002E45D041
:10E47800002312F480522F68216A2B6030D0626D1D
:10E48800A389590705D56368D21A636B0BB1236C4E
:10E49800D21A00232846E66A216AB047431CA3899A
:10E4A80006D129681D292BD8284ACA40D60727D55E
:10E4B800002262602269D904226004D5421C01D17D
:10E4C8002B6803B96065616B2F60B9B104F144032F
:10E4D800994202D02846FEF7A5FA002363630DE0AF
:10E4E80001232846B0470246501CC9D12B68002B8F
:10E4F800C6D01D2B01D0162B1DD12F60002021E086
:10E5080043F040031BB21AE00F69002FF6D09307BF
:10E5180018BF00230E6808BF4B69F61B0F608B609D
:10E52800002EEBDD33463A462846216AD4F828C047
:10E53800E047002807DCB4F90C3043F040034FF003
:10E54800FF30A381F8BD0744361AE9E701004020EF
:10E5580038B50B6905460C4613B90025284638BD61
:10E5680018B1036A0BB9FEF7B3F8B4F90C30002BF5
:10E57800F3D0626ED00704D4990502D4A06DFEF7DB
:10E5880036FA28462146FFF763FF636E0546DA0729
:10E59800E4D4A3899B05E1D4A06DFEF729FADDE751
:10E5A800F8B50E461446054618B1036A0BB9FEF7CE
:10E5B8008FF8A369A360A3891A0701D5236943B912
:10E5C8002146284600F02AF818B14FF0FF373846A0
:10E5D800F8BD23682269F6B2981A63693746834200
:10E5E80005DC21462846FFF7B3FF0028EDD1A368D4
:10E5F800013BA36023685A1C22601E706269431C99
:10E608009A4204D0A389DB07E1D50A2EDFD121463F
:10E618002846FFF79DFF0028D9D0D6E738B5294B03
:10E62800054618680C4618B1036A0BB9FEF750F88E
:10E63800B4F90C30190722D4DA0607D409222A6063
:10E6480043F040034FF0FF30A38133E0580712D561
:10E65800616B41B104F14403994202D02846FEF7A8
:10E66800E1F900236363A38923F02403A381002332
:10E67800636023692360A38943F00803A3812369A6
:10E688004BB9A38903F42073B3F5007F03D0214667
:10E69800284600F0F0F8B4F90C3013F001020AD063
:10E6A8000022A26062695242A261226942B913F053
:10E6B8008000C5D138BD990758BF6269A260F4E7E8
:10E6C8000020F7E7C4010020884210B501EB0204DE
:10E6D80002D98442234607D8431EA14208D011F824
:10E6E800012B03F8012FF8E7014602448A4200D1C2
:10E6F80010BD13F8014D02F8014DF7E738B50023B6
:10E70800054D044608462B60FAF71EF8431C02D153
:10E718002B6803B1236038BDF8490020034610B5C3
:10E72800C9B202449342184601D1002003E004789C
:10E7380001338C42F6D110BD1FB514461A46094B59
:10E7480005461B68D8684CB1074BCDE901340091E8
:10E758002B46064900F058F800F0ECF8044B1C462C
:10E76800F3E700BFC4010020800C01088D0C0108EC
:10E77800BB0C010870B5A1FB025434B92946FEF759
:10E78800F5FC064628B9304670BD0C22002602600A
:10E79800F9E72A462146FEF77EF8F4E7024B0146E0
:10E7A8001868FEF7E3BC00BFC40100202DE9F04162
:10E7B800074614460D4621B91146BDE8F041FEF75B
:10E7C800D5BC2AB9FEF72EF925462846BDE8F081C2
:10E7D80000F0B7F88442064602D8B4EB500FF4D8DC
:10E7E80021463846FEF7C2FC804608B94546ECE7A4
:10E7F800B4422246294628BF3246FEF7FAF829468F
:10E808003846FEF70FF9F1E70EB403B5014603AB3E
:10E81800054853F8042B00680193FFF771FB02B019
:10E828005DF804EB03B07047C401002070B50C46D6
:10E83800B1F90E10154600291E4696B00CDAA389C8
:10E84800002113F0800F14BF40234FF48063002091
:10E8580031602B6016B070BD6A4600F049F8002898
:10E86800EDDB019901F47041A1F50053594259417A
:10E878004FF48063EBE78B89F7B59D0706460C4696
:10E8880007D504F14703236023610123636103B0C3
:10E89800F0BD6A4601ABFFF7C9FF009F0546394640
:10E8A8003046FEF763FC48B9B4F90C309A05EED44B
:10E8B80023F0030343F00203A381E2E7A389C4E939
:10E8C800040743F08003A381019B20605BB13046BD
:10E8D800B4F90E1000F01EF828B1A38923F0030341
:10E8E80043F00103A381A3891D43A581CFE700005D
:10E8F80038B50023064D0446084611462B60F9F743
:10E90800FEFE431C02D12B6803B1236038BD00BF53
:10E91800F849002038B50023054D044608462B6009
:10E92800F9F7FCFE431C02D12B6803B1236038BD04
:10E93800F8490020062008B500F034F80120F9F75E
:10E948008FFE51F8043C181F002BBCBF0B58C01891
:10E9580070471F2938B505460C4604D916230360AD
:10E968004FF0FF3038BDC26B12B152F821304BB9AD
:10E97800284600F031F8224601462846BDE83840CE
:10E9880000F018B8012B0AD0591C03D116230360D4
:10E998000120E7E70021204642F82410984700208C
:10E9A800E0E70000024B01461868FFF7D2BF00BF3E
:10E9B800C401002038B50023064D04460846114618
:10E9C8002B60F9F73DFE431C02D12B6803B123608D
:10E9D80038BD00BFF8490020F9F72BBEF8B5064648
:10E9E8000F4600F03BF8324604460D463B4630469B
:10E9F8003946F2F77DF890B90022002330463946AF
:10EA0800F2F74EF858B1FDF7C7FF21230022036043
:10EA1800002310461946F1F7FBFE04460D46204632
:10EA28002946F8BD00F05CB938B5054600F0E8F8AD
:10EA3800294604462846F2F7B5FB68B9002128465E
:10EA4800F2F788FB40B1FDF7A7FF212300210360FF
:10EA58000846F2F795FA0446204638BD654A2DE97E
:10EA6800F84F8A4306460F460B4604460ED1024627
:10EA7800F1F7A4FD02460B4630463946F1F7E8FBAC
:10EA880006460F4630463946BDE8F88F00290CDCAB
:10EA980021F000420243F5D089B10246F1F7D6FBD6
:10EAA80002460B46F1F7B4FEEAE70A1515D1002134
:10EAB80009E0E30A153A6405002BFAD0F7E70A469D
:10EAC800FAE75B000131D802FBD5481E121AC1F1E2
:10EAD800200024FA00F003438C400027A2F2FF38FC
:10EAE8001621D2074FF400103A46C3F3130343F438
:10EAF80080135CBF5B0003EBD4734FEA430358BF3A
:10EB0800640003EBD4734FEA6808640015189D424B
:10EB1800DEBF2A185B1B3F18E50F013905EB4303DD
:10EB28004FEA44044FEA5000F0D10D4620264FF03A
:10EB38000040934200EB010C02DC13D1A44511D82C
:10EB4800BCF1000F0CEB00013EDA00293CDB02F1BE
:10EB5800010E9B1A7246A44588BF03F1FF33A4EB4C
:10EB68000C0405444FEAD47C013E0CEB43034FEA06
:10EB780044044FEA5000DCD11C431AD01E4CDFF885
:10EB88007C90D4E90001D9E90023F1F75FFBD4E9CF
:10EB980000AB02460B4650465946F1F78BFF40B191
:10EBA800D4E90001D9E90023B5F1FF3F0ED135467C
:10EBB80001377B1003F17F5303F5001303EB085172
:10EBC8006B0843EAC7705BE79646C2E7F1F740FB7C
:10EBD800D4E900AB02460B4650465946F1F760FFB0
:10EBE80020B1AB1C08BF01370235E2E76B1C23F0EC
:10EBF8000105DEE70000F07F180F0108100F01087B
:10EC080020F00042B2F1FF4F2DE9F04103460446DF
:10EC18000AD30146F2F700F901462046F1F7F4FF5E
:10EC280004462046BDE8F081002AFAD0002806DA1A
:10EC38000146F1F7E7FF0146F2F7A2F9F0E710F015
:10EC4800FF413CD0C2150024192026464FF08071A0
:10EC5800C3F31603A2F17F0543F40003D20758BF9C
:10EC68005B006D105B0072189A42CFBF1A465618A7
:10EC780064189A1A01384FEA42034FEA5101F2D157
:10EC8800BAB1154E154F30683968F1F7BBFFD6F8A1
:10EC9800008001464046F2F767FA50B1306839689B
:10ECA800F1F7B2FF366801463046F2F753FA70B111
:10ECB8000234641004F17C5404EBC554B1E75B00E2
:10ECC80018020A4601F10101F9D55242BBE70134A5
:10ECD80024F00104EDE700BF240F0108200F01080C
:10ECE800F8B521F00046B6F1FF4F034605D820F0ED
:10ECF8000042B2F1FF4F074604D91846F1F784FFE6
:10ED0800034610E0B1F17E5F03D1BDE8F84000F0A2
:10ED18006FB88C1704F0020444EAD0742AB9022CA4
:10ED28004BD0032C4BD01846F8BD1EB9002F4CDB36
:10ED3800274BF8E7B6F1FF4F0ED1B2F1FF4F04F1C0
:10ED4800FF3405D1022C3CD8224B53F82430EAE793
:10ED5800022C38D8204BF8E7B2F1FF4FE6D0921BCF
:10ED6800B2F1F45F4FEAE25017DA002901DA3C30D9
:10ED780015DB1846F2F704F900F046F900F038F808
:10ED88000346012C0DD0022C0ED0002CCBD01349F9
:10ED98001846F1F739FF12490CE00D4BF1E7002353
:10EDA800EFE703F10043BEE70C491846F1F72CFFE3
:10EDB80001460B48F1F726FFA2E7094BB3E7094BD9
:10EDC800B1E7094BAFE70023ADE7084BABE700BF5E
:10EDD800DB0FC93F340F0108280F01082EBDBB33D4
:10EDE800DB0F4940DB0F49C0DB0F493FDB0FC9BFD1
:10EDF8002DE9F04120F00045B5F1A14F04468046C9
:10EE08000ED3B5F1FF4F04D90146F1F7FDFE0446D4
:10EE180003E0002840F3CE80674C2046BDE8F0812F
:10EE2800664B9D420ED8B5F1445F08D26449F1F7AC
:10EE3800EBFE4FF07E51F2F7ABF90028EDD14FF021
:10EE4800FF361CE000F0E0F85E4B04469D427CD89B
:10EE5800A3F5D0039D4267D80146F1F7D5FE4FF0E0
:10EE68007E51F1F7CFFE4FF0804105462046F1F77D
:10EE7800CBFE01462846F2F783F8002604462146D1
:10EE88002046F1F7C9FF01460746F1F7C5FF0546D9
:10EE98004D49F1F7C1FF4D49F1F7B6FE2946F1F7A3
:10EEA800BBFF4B49F1F7B0FE2946F1F7B5FF4949D9
:10EEB800F1F7AAFE2946F1F7AFFF4749F1F7A4FE9B
:10EEC8002946F1F7A9FF4549F1F79EFE3946F1F7C2
:10EED800A3FF434907462846F1F79EFF4149F1F74A
:10EEE80091FE2946F1F798FF3F49F1F78BFE294635
:10EEF800F1F792FF3D49F1F785FE2946F1F78CFFBE
:10EF08003B49F1F77FFE2946F1F786FF014638466F
:10EF1800F1F77AFE2146F1F77FFF731C014633D1E2
:10EF28002046F1F76FFE72E74FF07E51F1F76AFE67
:10EF38004FF07E5105462046F1F766FE0146284609
:10EF4800F2F71EF80126044699E72A4B9D4214D889
:10EF58004FF07F51F1F756FE4FF07F51054620469E
:10EF6800F1F75AFF4FF07E51F1F74EFE0146284661
:10EF7800F2F706F80226044681E701461E48F1F733
:10EF8800FFFF032604467AE71C4B53F82610F1F7D7
:10EF980039FE2146F1F736FE194B014653F8260093
:10EFA800F1F730FEB8F1000F0446BFF636AF00F1B6
:10EFB800004432E7134C30E7DB0FC93FFFFFDF3E69
:10EFC800CAF24971FFFF973FD769853C59DA4B3D33
:10EFD800356B883D6E2EBA3D2549123EABAAAA3E36
:10EFE80021A215BD6BF16E3D95879D3D388EE33DA1
:10EFF800CDCC4C3EFFFF1B40000080BF400F0108F6
:10F00800500F0108DB0FC9BF20F000407047000017
:10F01800F8B500BFF8BC08BC9E467047F8B500BFFD
:08F02800F8BC08BC9E467047CD
:10F030004354502049443A25780D0A004354502047
:10F0400049443A25730D0A00393134370000000075
:10F0500044656661756C74205665723A25640D0AC4
:10F0600000000000204C43442049443A25780D0A12
:10F07000000000005253540053484F57205049435A
:10F08000545552450000000053454E44204D455311
:10F09000534147450000000053544154453A204F26
:10F0A0004E00000053544154453A204F464600005C
:10F0B0004354502049443A25780D0A002431303019
:10F0C0002C256423000000002425642C25642300E3
:10F0D00024302C2564230000525820627974657313
:10F0E0003A256C75206C696E65733A256C752061E4
:10F0F00067653A256C756D7300000000286E6F6EB1
:10F10000652900004C6173743A25730024504F53F5
:10F110002C00000024504F53492C0000496E6672A9
:10F120006172656420466F6C6C6F77004D656E751B
:10F1300000000000243230302C2564230000000041
:10F14000534420636172642073746F726167650059
:10F15000243130302C25642300000000636F6E6E74
:10F160006563746564000000636F6E6E6563746947
:10F170006E672E2E2E000000726F75746520706C05
:10F18000616E6E696E670000696E667261726564B9
:10F1900020666F6C6C6F77004261636B000000004B
:10F1A000526F75746520506C616E6E696E670000F9
:10F1B000436C65617200000053746172740000005A
:10F1C000506C656173652075736520746865207384
:10F1D00074796C757320636C69636B207468652047
:10F1E00063726F7373206F6E20746865207363722F
:10F1F00065656E2E5468652063726F73732077693E
:10F200006C6C20616C77617973206D6F7665207509
:10F210006E74696C207468652073637265656E2016
:10F2200061646A7573746D656E7420697320636FB1
:10F230006D706C657465642E0000000078313A00D2
:10F2400079313A0078323A0079323A0078333A002C
:10F2500079333A0078343A0079343A0066616320B1
:10F2600069733A005450204E65656420726561648C
:10F270006A75737421000000546F756368205363CE
:10F280007265656E2041646A757374204F4B21006E
:10F29000030009000F0015001B00000060E00120C2
:10F2A0000305350002081E08503C0F050000FF67EB
:10F2B000500000181A1E1489280A302EBB0A0300B9
:10F2C0000002331D000000000000003200002A1C74
:10F2D0005A94C50207000000B51F0090280077323D
:10F2E00000623F0052500052000000000000000089
:10F2F0000000000000000000000000000000000FFF
:10F300000F03061042F80F14000000001A1816141C
:10F3100012100E0C0A08000000000000000000009F
:10F320000000000000000000000029282422201F07
:10F330001E1D0E0C0A080605040200FF0000000056
:10F3400000000000000000FFFFFFFFFFFFFFFFFFC6
:10F35000FFFFFFFF5081588160816881708100004C
:10F36000000000000000000000000000000000009D
:10F370003F4000000000000000003000400030006E
:10F380004000000009000BC03D000BC03D0009001B
:10F3900018C024407FE0224031800000180024C0C3
:10F3A0001B000D803240018003801C4027401C80E0
:10F3B0000740004010006000000000000000000056
:10F3C0000000000000001F8020404020000040207E
:10F3D00020401F8000000000090006001F8006007A
:10F3E00009000000040004003F8004000400000045
:10F3F0000010006000000000000000000400040095
:10F4000004000400040000000000004000000000B0
:10F4100000000000002001C006003800400000008D
:10F420001F802040204020401F800000000010402E
:10F430003FC000400000000018C02140224024408E
:10F440001840000010802040244024401B80000011
:10F4500002000D0011003FC0014000003C8024402C
:10F4600024402440238000001F8024402440344056
:10F47000038000003000200027C03800200000007A
:10F480001B802440244024401B8000001C0022C01C
:10F49000224022401F8000000000000008400000C1
:10F4A00000000000000000000460000000000000F8
:10F4B000000004000A0011002080404009000900FB
:10F4C00009000900090000000000404020801100F0
:10F4D0000A00040018002000234024001800000047
:10F4E0001F802040274029401F400000004007C0E7
:10F4F00039000F0001C0004020403FC0244024409C
:10F500001B8000001F8020402040204030800000F1
:10F5100020403FC0204020401F80000020403FC0CE
:10F5200024402E4030C0000020403FC024402E0028
:10F53000300000000F001080204022403380020085
:10F5400020403FC0040004003FC020402040204035
:10F550003FC02040204000000060202020203FC00D
:10F560002000200020403FC024400B0030C020403D
:10F5700020403FC020400040004000C03FC03C0051
:10F5800003C03C003FC0000020403FC00C402300AF
:10F590003FC020001F802040204020401F800000EE
:10F5A00020403FC024402400180000001F8021405C
:10F5B000214020E01FA0000020403FC02440260042
:10F5C00019C0004018C0244024402240318000006F
:10F5D000300020403FC020403000000020003F802D
:10F5E000004000403F80200020003E0001C0070096
:10F5F00038002000380007C03C0007C03800000079
:10F60000204039C0060039C02040000020003840AA
:10F6100007C0384020000000304021C0264038405C
:10F6200020C00000000000007FE0402040200000DB
:10F63000000070000C00038000400000000040202B
:10F6400040207FE00000000000002000400020007B
:10F65000000000000010001000100010001000104A
:10F6600000000000400000000000000000000280D8
:10F670000540054003C0004020003FC00440044056
:10F6800003800000000003800440044006400000A6
:10F6900000000380044024403FC00040000003807D
:10F6A0000540054003400000000004401FC0244006
:10F6B00024402000000002E00550055006500420C0
:10F6C00020403FC00440040003C00040000004404C
:10F6D00027C000400000000000100010041027E0C8
:10F6E0000000000020403FC00140070004C004406B
:10F6F000204020403FC000400040000007C0040000
:10F7000007C0040003C00000044007C00440040018
:10F7100003C0004000000380044004400380000058
:10F72000041007F004500440038000000000038030
:10F730000440045007F00010044007C002400400D9
:10F7400004000000000006400540054004C0000021
:10F75000000004001F8004400040000004000780F7
:10F760000040044007C000400400070004C00180BE
:10F7700006000400060001C0070001C006000000EA
:10F78000044006C0010006C0044000000410071039
:10F7900004E00180060004000000044005C00640AB
:10F7A000044000000000000004007BE04020000056
:10F7B000000000000000FFF00000000000004020FA
:10F7C0007BE00400000000004000800040002000BA
:10F7D00020004000000000000000000000000000C9
:10F7E000000000000000000000001FCC000C000022
:10F7F0000000000000000800300060000800300039
:10F8000060000000022003FC1E20022003FC1E20DA
:10F810000220000000000E1811043FFF10840C7835
:10F82000000000000F0010840F3800C00778188413
:10F830000078000000780F8410C411240E9800E4B2
:10F84000008400080800680070000000000000004C
:10F850000000000000000000000007E0181820046D
:10F8600040020000000040022004181807E00000D9
:10F87000000000000240024001800FF001800240C1
:10F88000024000000080008000800FF800800080AF
:10F89000008000000001000D000E000000000000CC
:10F8A00000000000000000800080008000800080D8
:10F8B000008000800000000C000C00000000000030
:10F8C0000000000000000006001800600180060033
:10F8D00018002000000007F00808100410040808B1
:10F8E00007F000000000080408041FFC00040004E6
:10F8F0000000000000000E0C1014102410441184AD
:10F900000E0C000000000C181004110411041288E1
:10F910000C700000000000E00320042408241FFCF9
:10F920000024000000001F981084110411041088A6
:10F9300010700000000007F00888110411041888F6
:10F940000070000000001C00100010FC13001C00E0
:10F950001000000000000E3811441084108411447F
:10F960000E38000000000700088C1044104408887E
:10F9700007F00000000000000000030C030C000072
:10F98000000000000000000000010106000000006F
:10F990000000000000000080014002200410080860
:10F9A0001004000002200220022002200220022077
:10F9B000022000000000100408080410022001408A
:10F9C0000080000000000E001200100C106C10806F
:10F9D0000F00000003E00C1813E4142417C40828D7
:10F9E00007D000000004003C03C41C40074000E4B2
:10F9F000001C000410041FFC1104110411040E88E3
:10FA00000070000003E00C1810041004100410082B
:10FA10001C10000010041FFC10041004100408083F
:10FA200007F0000010041FFC1104110417C4100497
:10FA30000818000010041FFC1104110017C010006A
:10FA40000800000003E00C181004100410441C7897
:10FA50000040000010041FFC10840080008010840F
:10FA60001FFC10040000100410041FFC10041004FC
:10FA70000000000000030001100110011FFE100033
:10FA80001000000010041FFC110403801464181CF3
:10FA90001004000010041FFC100400040004000403
:10FAA000000C000010041FFC1F0000FC1F001FFCC6
:10FAB0001004000010041FFC0C04030000E01018E8
:10FAC0001FFC100007F008081004100410040808B8
:10FAD00007F0000010041FFC1084108010801080BC
:10FAE0000F00000007F0081810241024101C080A4A
:10FAF00007F2000010041FFC1104110011C01130A6
:10FB00000E0C000400000E1C11041084108410441C
:10FB10001C3800001800100010041FFC1004100016
:10FB20001800000010001FF8100400040004100466
:10FB30001FF8100010001E0011E0001C0070138060
:10FB40001C0010001FC0103C00E01F0000E0103C33
:10FB50001FC000001004180C163401C001C0163478
:10FB6000180C100410001C00130400FC13041C00EB
:10FB7000100000000804101C1064108413041C04FE
:10FB8000101800000000000000007FFE400240024C
:10FB900040020000000030000C0003800060001CE8
:10FBA0000003000000004002400240027FFE00000F
:10FBB0000000000000000000200040004000400065
:10FBC000200000000001000100010001000100010F
:10FBD0000001000100004000400020000000000083
:10FBE0000000000000000098012401440144014489
:10FBF00000FC000410001FFC0088010401040088C0
:10FC0000007000000000007000880104010401047D
:10FC10000088000000000070008801040104110841
:10FC20001FFC0004000000F80144014401440144A9
:10FC300000C800000000010401040FFC11041104BD
:10FC400011001800000000D601290129012901C96D
:10FC50000106000010041FFC0084010001000104E3
:10FC600000FC000400000104190419FC0004000455
:10FC7000000000000000000300010101190119FE4D
:10FC80000000000010041FFC0024004001B4010C1F
:10FC9000010400000000100410041FFC0004000414
:10FCA00000000000010401FC0104010001FC01044A
:10FCB000010000FC010401FC0084010001000104BA
:10FCC00000FC0004000000F8010401040104010428
:10FCD00000F80000010101FF008501040104008813
:10FCE000007000000000007000880104010401059C
:10FCF00001FF00010104010401FC00840104010072
:10FD000001800000000000CC012401240124012412
:10FD10000198000000000100010007F8010401043F
:10FD200000000000010001F80004000400040108C4
:10FD300001FC0004010001800170000C0010016052
:10FD40000180010001F0010C003001C00030010C05
:10FD500001F0010000000104018C00740170018CAD
:10FD600001040000010101810171000E0018016011
:10FD70000180010000000184010C01340144018470
:10FD8000010C0000000000000000000001003EFC2B
:10FD9000400240020000000000000000FFFF0000E1
:10FDA000000000000000400240023EFC0100000094
:10FDB0000000000000006000800080004000400063
:10FDC00020002000000000000000000000000000F3
:10FDD0000000000000000000000000000000000023
:10FDE0000000000000000000000000000000000013
:10FDF000000000000000000F80380FFE380F803830
:10FE000000000000000000000000000000000000F2
:10FE100000000100000600000C0000380000310066
:10FE2000000600000C000038000030000000000058
:10FE30000000000061800067F807F9800061800021
:10FE400061800061800061800067F807F9800061CF
:10FE50008000000000000000000001C0E003E0F0AE
:10FE60000630080418081FFFFE040E080787F00379
:10FE700081E000000000000001F000060C00040416
:10FE800008060C7001F9C0000E00003BE000EC1801
:10FE9000070808040C180003E00000000001E0005F
:10FEA00007F003F818041C0804170807E1D003C082
:10FEB000E00023B0003C0800200800001000000013
:10FEC0000000000100003100003200001C000000B2
:10FED0000000000000000000000000000000000022
:10FEE0000000000000000000000000000000000012
:10FEF000000000007F0001FFC00780F00C00181018
:10FF00000004200002000000000000200002100099
:10FF1000040C00180780F001FFC0007F0000000003
:10FF200000000000000000000000000000000000D1
:10FF30004200006600006600003C0000180003FF5D
:10FF4000C0001800003C000066000066000042008F
:10FF50000000000008000008000008000008000081
:10FF6000080001FFC00008000008000008000008A9
:10FF70000000080000000000000100003100003215
:10FF800000001C0000000000000000000000000055
:10FF90000000000000000000000000000800000851
:10FFA0000000080000080000080000080000080029
:10FFB0000008000008000008000000000000000029
:10FFC0000000000038000038000038000000000089
:10FFD0000000000000000000000000000000000021
:10FFE00000000000000600001C00007000018000FE
:10FFF0000E0000380000C0000700001C00003000A8
:020000040801F1
:1000000000000000000000007F8001FFE00380701E
:100010000600180400080400080600180380700198
:10002000FFE0007F800000000000000000000100F1
:100030000801000801000803FFF807FFF8000008A6
:10004000000008000008000000000000000000019F
:10005000C03802C0580400980401180402180404AF
:1000600018061C1803F81801E0F800000000000052
:1000700000000001C0E003C0F00400080408080408
:10008000080806180803F41801E7F00001E0000072
:1000900000000000000000000300000D000011003F
:1000A00000610000810803010807FFF80FFFF80056
:1000B00001080001080000000000000000E007FC4B
:1000C000D00608080610080610080610080618389A
:1000D000060FF00607C0000000000000000000004E
:1000E0003F8001FFE0038430020818041008041068
:1000F00008041008071810030FF00007C0000000E4
:1001000000000000000003C0000700000600000619
:1001100000F80607F806180006E0000700000600D1
:100120000000000000000001E1E003F7F0063410D9
:10013000041808041808040C08040C080616180310
:10014000F3F001C1E000000000000000F80003FC33
:1001500030030638040208040208040208040410EC
:100160000308F001FFC0007F000000000000000055
:100170000000000000000000000000007038007067
:10018000380070380000000000000000000000008F
:10019000000000000000000000000000000000005F
:1001A000301A00301C0000000000000000000000B9
:1001B0000000000000000000000000080000140023
:1001C0000022000041000080800100400200200465
:1001D00000100800080000000000000021000021BD
:1001E000000021000021000021000021000021006A
:1001F000002100002100002100000000000000009C
:1002000000000800080400100200200100400080E7
:1002100080004100002200001400000800000000DF
:1002200000000003C00004C00004000008003808FB
:100230000F380808380810000C300007E00003C031
:1002400000000000000000003F8000FFE00380701D
:10025000020F1006708804C088048308047F880297
:10026000C09003012000FE400000080000180001BB
:10027000F8003E0801C20007020007E20000FE008D
:10028000001FC80001F8000038000008040008073B
:10029000FFF807FFF8040808040808040808040821
:1002A0000806180803F41801E7F00001E000000058
:1002B000000000003F8001FFE0038070020018048E
:1002C000000804000804000804001006002007804D
:1002D000C000000004000807FFF807FFF80400084A
:1002E00004000804000804001802001003807001D4
:1002F000FFE0007F8000000004000807FFF807FF10
:10030000F8040808040808040808040808043E085B
:10031000040008060018010060000000040008073F
:10032000FFF807FFF80408080408000408000408A0
:1003300000043E00060000060000018000000000EE
:10034000000000003F8001FFE003807006001804F9
:1003500000080402080402080203F00783F0000208
:100360000000020004000807FFF807FFF80408086F
:100370000008000008000008000008000408080742
:10038000FFF807FFF8040008000000000000040068
:100390000804000804000807FFF807FFF804000835
:1003A0000400080400080000000000000000000035
:1003B0000006000007000001040001040001040021
:1003C0000307FFFE07FFFC04000004000004000018
:1003D00004000807FFF807FFF8040C0800180000E5
:1003E0003E0004C7800503C80600F8040038040076
:1003F0001800000804000807FFF807FFF8040008C9
:1004000000000800000800000800000800000800C4
:10041000001800006000000004000807FFF80780D3
:100420000807FC00007FC00003F80007C000780048
:1004300007800807FFF807FFF80400080400080712
:10044000FFF807000803C00000E000003800001EAD
:10045000000007000001C00400F007FFF8040000DE
:10046000000000007F8001FFE00380700600180498
:10047000000804000806001803003001FFE0007FB8
:100480008000000004000807FFF807FFF8040408D4
:10049000040400040400040400040400060C000327
:1004A000F80001F000000000000000007F8001FF64
:1004B000E00380700600880400880400C806003C41
:1004C00003003E01FFE6007F8400000004000807EF
:1004D000FFF807FFF8040808040800040C00040FE4
:1004E00000040BC00610F003F03801E0080000081B
:1004F00000000001E0F803F0300630100418080492
:100500001808040C08040C080206180207F00781FA
:10051000E00000000180000600000400000400006C
:1005200004000807FFF807FFF804000804000004AF
:10053000000006000001800004000007FFE007FF44
:10054000F00400180000080000080000080000087F
:1005500000000804001007FFE0040000040000068B
:10056000000007E00007FE00041FE00001F80000A3
:10057000380001E0043E0007C0000600000400004F
:1005800004000007E00007FFC0041FF80007C007D1
:10059000F80007FF80043FF80007C004F8000700D8
:1005A0000004000000000004000806001807C078DE
:1005B00005F1C8003E00001F800463E80780F806CC
:1005C0000018040008000000040000060000078076
:1005D0000007E008047C08001FF80007F80018086E
:1005E00004E008070000060000040000000000010D
:1005F00000080600380400F80403E8040F08047C2F
:100600000805F00807C00807001804006000000093
:100610000000000000000000000000000000003F9B
:10062000FFFE200002200002200002200002200025
:1006300002000000000000000000080000070000A9
:1006400000C0000038000006000001C000003000BB
:10065000000E00000100000000000000000020006B
:10066000022000022000022000022000023FFFFEC4
:10067000000000000000000000000000000000007A
:100680000000000000080000100000300000200002
:100690000030000010000008000000000000000012
:1006A0000000010000010000010000010000010045
:1006B0000001000001000001000001000001000035
:1006C0000100000100000000000000000020000008
:1006D00020000010000010000000000000000000DA
:1006E00000000000000000000000000000F0001901
:1006F000F8001B1800220800260800240800241017
:10070000003FF8001FF80000080000180000000477
:10071000000007FFF80FFFF0001818001008002075
:1007200008002008003018001FF0000FC000000073
:100730000000000007C0001FF00018300020080073
:100740002008002008003C08001C10000060000089
:10075000000000000000000007C0001FF000381873
:1007600000200800200800200804101007FFF80FE0
:10077000FFF0000010000000000000000000000773
:10078000C0001FF0001230002218002208002208CA
:10079000003208001E10000E2000000000000000C3
:1007A000200000200800200801FFF803FFF80620C1
:1007B00008042008042008072000030000000000AF
:1007C00000000000000E000E6E001FF30031B100AB
:1007D00020B10020B1003191001F13002E1E002017
:1007E0000E00300000000004000807FFF80FFFF8BB
:1007F000001008002000002000002008003FF80042
:100800001FF80000080000000000000000000020A9
:1008100008002008002008063FF8063FF8000008FE
:1008200000000800000800000000000000000000B8
:100830000000000003000003002001002001002050
:1008400003063FFE063FFC00000000000000000021
:1008500000000004000807FFF80FFFF800018800FF
:100860000300002FC00038F80020380020080000E6
:100870000800000000000000000004000804000858
:1008800004000807FFF80FFFF80000080000080048
:100890000008000000000000002008003FF8003FB2
:1008A000F8001008002000003FF8003FF800100892
:1008B000002000003FF8003FF800000800000000A2
:1008C0002008003FF8003FF800100800100000204A
:1008D00000002008003FF8001FF80000080000009A
:1008E0000000000007C0000FF000183000300800C2
:1008F0002008002008003008001830000FF0000722
:10090000C0000000000000002001003FFF003FFF8A
:1009100000101100200900200800200800303800D5
:100920001FF0000FC00000000000000007C0001F03
:10093000F0003818002008002008002009001011DD
:10094000001FFF003FFF0000010000000020080022
:100950002008002008003FF8003FF80008080010B9
:1009600008002008002000003000003000000000D7
:10097000000000000000000C78001E180033080082
:1009800023080021080021880021980030F0003859
:100990006000000000000000200000200000200097
:1009A00000FFF003FFF800200800200800200800E6
:1009B0000030000000000000000000002000003FA8
:1009C000F0007FF800001800000800000800201068
:1009D000003FF8007FF00000100000000000000061
:1009E0002000003000003C00003F800023F00000A9
:1009F00078000070002380003C00003000002000E0
:100A0000002000003C00003FE00023F80000E00070
:100A10002700003E00003FE00021F80001E0003E1A
:100A200000002000000000002008002008003838E6
:100A3000003E680027800003C8002CF8003838000A
:100A400020180020080000000000000020000030F6
:100A500003003C01003F830023EC00007000238072
:100A6000003C00002000002000000000000000000A
:100A700000000038080020380020F80023E8002F8C
:100A800088003E08003808002018000070000000B0
:100A90000000000000000000000000000000000056
:100AA00008000014001FF7FC3000062000020000C0
:100AB0000000000000000000000000000000000036
:100AC000000000000000FFFFFF0000000000000029
:100AD00000000000000000000000000000002000F6
:100AE000023000061FF7FC001400000800000000A0
:100AF00000000000000000000000000000000018DE
:100B000000006000004000004000002000001000D5
:100B1000000800000400000400000C0000100000A9
:100B20000001000500100014001800000000000083
:100B3000000000000102030406070809000000008D
:100B40000102030402030405060708090A0B0C0D41
:100B50000E0F101001022E006E6600696E69747926
:100B600000616E004300504F5349580042616C6C65
:100B70006F6320737563636565646564002F6275D8
:100B8000696C642F676E752D746F6F6C732D666F53
:100B9000722D73746D33325F31332E332E72656C68
:100BA000312E32303234303932362D313731352F23
:100BB0007372632F6E65776C69622F6E65776C69EF
:100BC000622F6C6962632F7374646C69622F67644F
:100BD000746F612D6765746865782E6300524545B2
:100BE0004E54206D616C6C6F632073756363656533
:100BF000646564002F6275696C642F676E752D746F
:100C00006F6F6C732D666F722D73746D33325F313D
:100C1000332E332E72656C312E323032343039320D
:100C2000362D313731352F7372632F6E65776C69CE
:100C3000622F6E65776C69622F6C6962632F7374C3
:100C4000646C69622F6D707265632E6300232D30B2
:100C50002B2000686C4C00656667454647003031C4
:100C60003233343536373839414243444546003013
:100C70003132333435363738396162636465660042
:100C80002C2066756E6374696F6E3A200061737311
:100C9000657274696F6E2022257322206661696C0B
:100CA00065643A2066696C6520222573222C206CCD
:100CB000696E65202564257325730A0034000000E1
:100CC000CEFBFFFFCB03000001000000000000008E
:100CD00035000000CEFBFFFFCB0300000100000049
:100CE0000000000000000000BC89D897B2D29C3CF4
:100CF00033A7A8D523F649393DA7F444FD0FA53203
:100D00009D978CCF08BA5B25436FAC6428066811A9
:100D100000202020202020202020282828282820CB
:100D200020202020202020202020202020202020C3
:100D3000208810101010101010101010101010102B
:100D4000100404040404040404040410101010101B
:100D500010104141414141410101010101010101E5
:100D60000101010101010101010101011010101037
:100D700010104242424242420202020202020202B7
:100D8000020202020202020202020202101010100B
:100D90002000000000000000000000000000000033
:100DA0000000000000000000000000000000000043
:100DB0000000000000000000000000000000000033
:100DC0000000000000000000000000000000000023
:100DD0000000000000000000000000000000000013
:100DE0000000000000000000000000000000000003
:100DF00000000000000000000000000000000000F3
:100E000000000000000000000000000000000000E2
:100E10000000000005000000190000007D00000037
:100E20000080E03779C34143176E05B5B5B89346E6
:100E3000F5F93FE9034F384D321D30F94877825AB2
:100E40003CBF737FDD4F1575000000000000F03FD0
:100E50000000000000002440000000000000594095
:100E60000000000000408F40000000000088C340E8
:100E700000000000006AF8400000000080842E415D
:100E800000000000D01263410000000084D79741A9
:100E90000000000065CDCD41000000205FA00242AF
:100EA000000000E876483742000000A2941A6D4224
:100EB000000040E59C30A2420000901EC4BCD64217
:100EC00000003426F56B0C430080E03779C34143C2
:100ED00000A0D8855734764300C84E676DC1AB4338
:100EE000003D9160E458E143408CB5781DAF154456
:100EF00050EFE2D6E41A4B4492D54D06CFF0804431
:100F0000F64AE1C7022DB544B49DD9794378EA4445
:100F100059F3F8C21F6EA501000000000000F03F69
:100F20006042A20D0000803F00000080DB0F4940BE
:100F3000DB0F49C0DB0F49BFE4CB1640E4CB16C042
:100F40006937AC3168212233B40F14336821A233DE
:100F50003863ED3EDA0F493F5E987B3FDA0FC93FB9
:080F6000C8F2FE7F0100000051
:040F68000D0200086E
:040F6C00E90100088F
:100F70000100FFFF010000000024F400E1970008D9
:100F8000E18B0008698F00080000000000000000ED
:100F90000000000000000000000000000000000051
:100FA0000000000000000000000000000000000041
:100FB000D0900000100000000100000000000000C0
:100FC00003000000BC4800204300000000000000B7
:100FD0000000000000000000000000000000000011
:100FE00000000000000000004300000000000000BE
:100FF00000000000000000000000000000000000F1
:10100000000000000000000043000000000000009D
:1010100000000000000000000000000000000000D0
:10102000000000000000000043000000000000007D
:1010300000000000000000000000000000000000B0
:10104000000000000000000043000000000000005D
:101050000000000000000000000000000000000090
:10106000000000000000000043000000000000003D
:101070000000000000000000000000000000000070
:10108000000000000000000043000000000000001D
:101090000000000000000000000000000000000050
:1010A0000000000000000000F1DB000875D200081D
:1010B00000000000100D0108560B0108BB0C0108D0
:1010C000BB0C0108BB0C0108BB0C0108BB0C0108E0
:1010D000BB0C0108BB0C0108BB0C0108BB0C0108D0
:1010E000FFFFFFFFFFFFFFFFFFFFFFFFFFFF00000E
:1010F0000100415343494900000000000000000086
:1011000000000000000000000000000000000000DF
:101110000000415343494900000000000000000066
:1011200000000000000000000000000000000000BF
:1011300000000000C801002000000000BC480020A2
:10114000244900208C49002000000000000000001D
:10115000000000000000000000000000000000008F
:10116000000000000000000000000000000000007F
:10117000000000000000000000000000000000006F
:04118000000000006B
:040000050800993521
:00000001FF
